,file_id,bls_period,bls_duration,bls_t0,bls_power,bls_depth_ppm,bls_depth_err_ppm,label,activity_class,planet_present,planet_period_days,transit_depth_ppm,planet_radius_earth,star_mass_msun,star_radius_rsun,rotation_period_days,above_threshold,period_match,recovered
0,1003,3.344350237977032,0.1,1.4209187494678264,854825.0905702602,94.1184949624266,0.0730780782771583,2,mild,1,3.3447,88.5624643903712,1.26852,1.129244454176928,1.2309197169994996,23.34,True,True,True
1,1359,16.694739497731295,0.15,9.495918749467828,3554879.034608967,353.17502418146427,0.1330396562549454,3,strong,1,16.6958,426.30475958818823,2.85395,1.1198731309057504,1.2622446115185475,18.23,True,True,True
2,713,3.4646478645508516,0.15,0.6959187494678263,14518.88579315889,10.165493860690486,0.0609920913115408,1,strong,0,,,,0.9582178044779328,0.9049090692431206,16.15,True,False,True
3,316,40.09560893894572,0.05,36.895918749467825,8700.28011367369,46.63764604285278,0.3537718357117939,0,mild,0,,,,1.0941019919100112,1.0032833263319128,34.36,False,False,False
4,1301,12.672885036203416,0.15,5.345918749467827,413847.81233620865,105.05209023288828,0.1161441404389985,3,strong,1,12.6726,122.00184883407616,1.43825,1.0812164224121417,1.1890727666689471,15.37,True,True,True
5,345,5.419279549004566,0.1,0.7709187494678262,10243.587381972242,12.90590548759882,0.0910350932694978,0,mild,0,,,,1.065988022096431,1.1716799321641116,20.3,False,False,False
6,442,3.133227171416217,0.15,2.645918749467826,18542.529675199305,10.937514512491555,0.0582055066630974,1,strong,0,,,,1.016788574922794,0.9284620153149762,12.34,True,False,True
7,787,23.06007092489341,0.15,8.745918749467826,1723828.9382077465,283.157359341405,0.1530070776973354,2,mild,1,23.062,245.7929367994159,1.46938,0.903161280259804,0.8558677871759652,26.74,True,True,True
8,332,27.584610952068612,0.05,25.245918749467823,10155.84662440354,36.79827282976477,0.2584982508792982,0,mild,0,,,,1.0683308529142723,1.1266816925875762,34.81,False,False,False
9,1131,14.962343513607872,0.15,7.445918749467827,153404.7296813677,67.67012385189182,0.1228059705181015,3,strong,1,14.9604,81.91664435705867,1.03917,1.000388759198233,1.0484742760947012,8.23,True,True,True
10,519,23.104590264941464,0.1,16.820918749467825,13198.21222020388,34.638670219337065,0.2135635553092116,1,strong,0,,,,0.9219039268021187,0.973557061833379,21.09,False,False,False
11,189,8.8007158154135,0.05,0.2959187494678262,12420.52081128064,25.567784840426615,0.1626991726110283,0,mild,0,,,,1.1936723016662756,1.4042675752221547,30.36,False,False,False
12,1092,11.18105716692384,0.15,2.7959187494678264,638227.5909881352,121.82980799460844,0.1085555323259812,2,mild,1,11.1822,150.29230573510242,1.86912,1.194843717075173,1.39227834020187,20.71,True,True,True
13,1388,23.71112563100043,0.25,9.645918749467826,7487627.696528856,476.33791470522567,0.123723175277265,3,strong,1,23.7131,768.6064730262117,3.61394,0.9781318664291856,1.1903815171925896,21.13,True,True,True
14,958,35.292110773864145,0.25,14.645918749467826,2738354.552745064,337.78411206623935,0.1448751392411729,2,mild,1,35.2966,581.856153368963,2.8169899999999997,0.9816461126558772,1.0664358727861625,29.36,True,True,True
15,432,13.398232565340892,0.15,5.545918749467827,30655.39317374515,29.385918431747697,0.1193337237508642,1,strong,0,,,,1.0812164224121417,1.2007405391058144,21.95,True,False,True
16,1037,15.843817008376377,0.15,8.445918749467827,29030872.93589385,952.47823032691,0.1256218943859993,2,mild,1,15.8425,801.7859947583567,3.50834,1.0542738680075054,1.1314352315176643,21.67,True,True,True
17,286,46.821251313640005,0.05,29.845918749467828,9135.214951265085,51.08876015961991,0.3781687860332273,0,mild,0,,,,1.108158976816778,1.1019611746888422,29.6,False,False,False
18,817,22.69923021822254,0.15,4.6459187494678265,2477502.227095549,339.4593668252128,0.1530070776973354,2,mild,1,22.6989,295.163453455928,1.83568,0.995703097562644,0.9757149080258852,31.71,True,True,True
19,1179,45.143410347214555,0.25,8.595918749467828,32932.81404922161,42.77383289480044,0.1671315676162189,3,strong,1,45.1357,96.55247645364967,1.48335,1.1714154088972284,1.3785394000076667,12.63,True,True,True
20,1366,11.33997626085839,0.15,0.2459187494678262,4927800.554169936,338.52623663118476,0.1085555323259812,3,strong,1,11.3401,310.50672204930123,1.95811,0.9418179887533716,1.0147494813671305,18.91,True,True,True
21,988,42.087320070709055,0.25,7.1459187494678265,1186634.718539724,237.71078050555113,0.1548058511525273,2,mild,1,42.079,441.3728264611979,2.5839,1.0847306686388336,1.12313034665574,22.68,True,True,True
22,421,32.89147643795364,0.15,6.795918749467827,19026.937637265662,33.95802902984593,0.1745226094445269,1,strong,0,,,,1.0730165145498611,1.1581241339967083,13.68,True,False,True
23,1050,43.542019449417005,0.15,42.19591874946783,42240.00806715025,60.605644784559445,0.208885450791923,2,mild,1,43.5534,90.95254988556982,1.08493,0.9219039268021187,1.0388468676517166,28.27,True,True,True
24,1369,34.122344055689524,0.25,28.845918749467828,12322426.41535427,716.5433929449733,0.1448751392411729,3,strong,1,34.1286,1080.6594409680008,3.7543,0.983988943473672,1.0428979250597366,21.34,True,True,True
25,1293,6.15826446111337,0.15,4.1459187494678265,27632033.27920597,589.5530049540835,0.0802963946395524,3,strong,1,6.1583,568.9563729286233,2.7727700000000004,0.9371323271177828,1.0615284038467212,8.58,True,True,True
26,678,12.880893563059802,0.1,12.270918749467826,21708.66161129316,29.177389588309055,0.1405823186717711,1,strong,0,,,,1.0800450070032448,1.1376947088489036,14.9,True,False,True
27,839,32.2924067256561,0.25,20.495918749467823,149605.05880455227,78.95279676399277,0.1448751392411729,2,mild,1,32.2963,148.6394241812778,1.77419,1.1573584239904615,1.3288941080439474,28.24,True,True,True
28,913,19.59574801640872,0.15,17.745918749467826,118812.5736110031,71.10453006815317,0.1463968722805013,2,mild,1,19.5939,79.60699010849383,1.0934,1.016788574922794,1.1190789419652072,27.56,True,True,True
29,1322,7.194913506262182,0.15,4.245918749467827,741527.4609277291,105.59729582774013,0.0876147918034216,3,strong,1,7.195,126.32589947995976,1.57685,1.129244454176928,1.281154300535453,10.23,True,True,True
30,216,3.961853998172205,0.05,1.6959187494678265,8074.899412604088,14.0338435989958,0.1111369461277755,0,mild,0,,,,1.133930115812517,1.0608222116129074,20.74,False,False,False
31,509,44.328256757821734,0.15,31.695918749467825,53602.29197339573,73.21358615270515,0.2239526708070477,1,strong,0,,,,1.1690725780794338,1.104511097191802,21.52,True,False,True
32,992,16.442433122741374,0.15,11.345918749467828,856710.3664157037,173.3782363986073,0.1330396562549454,2,mild,1,16.4431,162.45668757615917,1.23035,0.9019898648510196,0.8814894778039915,22.89,True,True,True
33,356,47.94674537298483,0.1,22.620918749467823,8950.77825239603,34.546158980695246,0.2584982508792982,0,mild,0,,,,0.9781318664291856,0.9347227558266832,33.66,False,False,False
34,1338,4.703625152480932,0.15,0.1459187494678261,358775.1570527332,58.734667152432635,0.0704778765514577,3,strong,1,4.7032,70.65175166618023,1.12574,1.0636451912786833,1.2230209229582891,16.87,True,True,True
35,937,7.317543174943898,0.15,1.6459187494678262,5363405.110953004,282.9325406374059,0.0872941357987517,2,mild,1,7.318,250.9844450327508,2.31803,1.1714154088972284,1.3361428898458128,23.53,True,True,True
36,921,10.909679390201326,0.15,6.195918749467827,4629702.59299377,324.37711614281784,0.1073316445442934,2,mild,1,10.9085,293.29654333727314,1.66419,0.903161280259804,0.8873739834322333,27.17,True,True,True
37,1045,5.738579845435765,0.15,1.5459187494678264,18484560.55468552,467.70952087106167,0.0779462202881778,2,mild,1,5.7379,405.0202200175535,2.99871,1.1854723938039953,1.3606717596785471,32.54,True,True,True
38,1265,37.270468381165365,0.25,36.895918749467825,50852.44572373839,49.20919664517734,0.1548058511525273,3,strong,1,37.2692,109.15180664663956,1.59049,1.1690725780794338,1.3901854366527164,8.21,True,True,True
39,1477,6.512215877022111,0.1,5.5209187494678265,9082521.045180432,430.5317321064976,0.101787879068315,3,strong,1,6.512,372.90502334816546,2.04974,1.0613023604607903,0.9692971044349776,15.79,True,True,True
40,685,7.254335819235272,0.15,5.745918749467827,29650.940829634805,21.11584261800112,0.0876147918034216,1,strong,0,,,,1.0449025447363278,1.2511795687761116,15.22,True,False,True
41,571,14.29440466584921,0.1,6.220918749467827,36630.56025218718,39.06754847493164,0.1448751392411729,1,strong,0,,,,1.1058161459989837,1.1662762178261077,14.23,True,False,True
42,211,27.56078887731978,0.05,24.345918749467828,9198.086328537616,40.89473477675805,0.3017675832604191,0,mild,0,,,,1.0613023604607903,0.9692971044349776,21.64,False,False,False
43,1072,15.664946946277889,0.15,12.295918749467829,556334.371649138,135.05728859121632,0.1286438110784691,2,mild,1,15.6622,137.46844139734606,1.13058,0.903161280259804,0.880556140763373,28.58,True,True,True
44,352,16.602100789179495,0.05,14.345918749467828,12041.734008030262,35.602681755925516,0.2297528101025764,0,mild,0,,,,1.129244454176928,1.3164695906611792,28.27,False,False,False
45,1419,11.121312852958985,0.15,7.595918749467827,4115511.047741802,309.369615912438,0.1085555323259812,3,strong,1,11.1216,282.83599747386194,1.89992,0.9511893120245496,1.0316330073371842,13.22,True,True,True
46,530,21.48679234471694,0.15,13.995918749467828,11133.206786055802,23.025045148661384,0.1548058511525273,1,strong,0,,,,1.030845559829561,0.9412082390886132,14.13,False,False,False
47,407,10.501620804170916,0.15,7.695918749467827,28709.040905436592,25.11907506234292,0.105572392253238,1,strong,0,,,,0.9582178044779328,0.9780774049896748,19.03,True,False,True
48,1413,14.704959658049274,0.15,6.6459187494678265,2209490.2942278087,262.76714348376794,0.1256218943859993,3,strong,1,14.7053,253.78941657704496,1.6419700000000002,1.030845559829561,0.9412082390886132,13.08,True,True,True
49,1180,3.633614476802636,0.1,2.8209187494678263,527861.3564545761,77.0131578174646,0.0760043242999066,3,strong,1,3.6338,73.29545653906335,1.0989,1.0613023604607903,1.172133024301499,16.33,True,True,True
50,288,11.911360640376094,0.05,2.6959187494678263,7681.994624537378,23.42464304429567,0.1893918594207356,0,mild,0,,,,0.9043326956686604,0.9077183063844484,28.41,False,False,False
51,1384,15.04699835815056,0.25,12.645918749467826,694638.0191306416,113.41810711230288,0.0970370849565969,3,strong,1,15.0452,194.91888845892265,2.19439,1.194843717075173,1.435304704547194,10.19,True,True,True
52,1185,21.57880602883984,0.15,5.195918749467827,49639437.017903686,1469.093731551112,0.1479680869077668,3,strong,1,21.5847,1238.8293385892484,3.44729,0.9043326956686604,0.8943949419346711,12.76,True,True,True
53,1048,32.500686148468084,0.15,16.545918749467827,126127.64276931394,88.78613446412747,0.1772148042592244,2,mild,1,32.4995,123.29719224623295,1.24377,1.0847306686388336,1.022870703185121,28.81,True,True,True
54,1005,4.623890486182328,0.15,2.6959187494678263,30620212.473295227,550.6091358919462,0.0714827353033349,2,mild,1,4.6239,537.4656611465153,2.78916,1.140958608265676,1.0986397875163436,25.92,True,True,True
55,462,43.09127994943787,0.15,17.895918749467825,110248.78830813454,102.4689445674868,0.2185723457965899,1,strong,0,,,,1.0495882063719166,1.0111474364766129,15.85,True,False,True
56,178,11.169317606409912,0.05,3.745918749467826,9783.388965932178,25.123423033075134,0.1800364610754255,0,mild,0,,,,0.9441608195711662,1.0567044278153517,32.98,False,False,False
57,693,45.98910532878197,0.05,41.745918749467826,16168.666997626286,80.42056204137417,0.447386231520864,1,strong,0,,,,1.194843717075173,1.3856892648777432,18.94,True,False,True
58,1060,4.476656442968978,0.1,3.8209187494678263,12109934.917937504,410.1140579484075,0.0842749828079052,2,mild,1,4.4768,348.65376790265395,2.04215,1.0027315900160276,0.9987291207890532,22.35,True,True,True
59,121,42.05034996402239,0.05,40.495918749467826,9328.711669326209,51.626990917891575,0.3781687860332273,0,mild,0,,,,0.9207325113932217,0.9853398624399704,26.71,False,False,False
60,939,8.081612640781895,0.1,1.8209187494678265,23867684.391452342,745.0251188437841,0.1085555323259812,2,mild,1,8.0827,635.5419268356494,2.31803,0.9043326956686604,0.8396614315936923,26.86,True,True,True
61,148,13.50596533353343,0.1,10.670918749467829,9772.70744481194,19.97213103691214,0.143400348945257,0,mild,0,,,,0.983988943473672,1.006796501977003,30.65,False,False,False
62,828,46.61607790324251,0.25,6.3959187494678265,12671275.107296038,839.0230796486551,0.1671315676162189,2,mild,1,46.6158,1332.9202899631762,3.5464,0.9043326956686604,0.8870393474183039,24.58,True,True,True
63,1007,8.136557687404732,0.15,2.045918749467826,7191251.426489183,349.12120731648724,0.092907263154642,2,mild,1,8.1365,295.2679233129034,2.51922,1.1690725780794338,1.3387984985603738,31.15,True,True,True
64,1481,4.942304904247888,0.15,0.8959187494678262,16412576.037639096,406.1410013050841,0.0720023329133802,3,strong,1,4.9424,418.23085769136793,2.29867,1.0542738680075054,1.02642175308866,17.81,True,True,True
65,1409,5.0197841867065,0.15,4.595918749467827,47401301.26058178,704.5201943871346,0.0734480080439396,3,strong,1,5.0197,733.3552227521607,2.9671399999999997,1.0941019919100112,1.0005483949609275,13.7,True,True,True
66,164,14.051053864168615,0.1,9.520918749467826,11741.140045769684,22.352247776701347,0.1463968722805013,0,mild,0,,,,1.1433014390836949,1.2981457927134306,23.39,False,False,False
67,128,17.155421865885877,0.05,3.345918749467826,8608.853114902324,30.103074007924175,0.2297528101025764,0,mild,0,,,,0.9277610038466048,0.93624844027476,34.83,False,False,False
68,1104,49.30477943593452,0.25,46.44591874946783,41960.120684735375,52.88989864787375,0.1829982843991256,2,mild,1,49.3247,232.3587080656527,2.36918,1.194843717075173,1.4193053413035517,31.14,True,True,True
69,555,21.735570722659368,0.1,7.070918749467827,13603.808207606426,29.1588410773714,0.1772148042592244,1,strong,0,,,,0.9019898648510196,0.9945321014319172,12.67,False,False,False
70,959,5.80011368601778,0.15,3.145918749467826,1892681.666500032,150.10637761664506,0.0781716658562967,2,mild,1,5.7996,150.27602872693762,1.45596,1.030845559829561,1.0845806320822975,28.29,True,True,True
71,152,17.36388192166699,0.05,4.1459187494678265,13609.01565810892,37.84875115524243,0.2297528101025764,0,mild,0,,,,0.9254181730288104,1.0103387800037036,27.21,False,False,False
72,1105,7.765659110716104,0.15,3.1959187494678263,720151.8747119004,106.49401112227774,0.0896181995912459,2,mild,1,7.7666,119.13811971612576,1.61447,1.1878152246217897,1.350709220379895,34.04,True,True,True
73,441,7.659423447468221,0.1,6.820918749467827,17958.19564456711,20.677913017889583,0.109823083284368,1,strong,0,,,,0.9324466654821938,0.9921688952361836,15.69,True,False,True
74,948,3.5699353820156525,0.1,1.5709187494678265,1103722.7299414668,109.82961120129691,0.0749885768290567,2,mild,1,3.5702,107.48372752179938,1.0369700000000002,0.9183896805754272,0.9133812424351104,28.7,True,True,True
75,1373,17.133930883226466,0.15,8.495918749467826,105008.9735968041,60.174737968228555,0.1318980441134679,3,strong,1,17.1334,79.1269952969809,1.19933,1.140958608265676,1.2312142005821924,18.27,True,True,True
76,902,47.07448477874255,0.25,13.045918749467829,14670.31662962263,28.54851293035401,0.1671315676162189,2,mild,1,47.0935,66.91914412576635,1.06667,1.0905877456833195,1.190726852800738,25.42,True,True,True
77,951,10.211521703610916,0.15,0.3459187494678262,760273.9796592111,124.56241609429868,0.101787879068315,2,mild,1,10.2123,133.20715937848416,1.49138,1.0905877456833195,1.179999401656683,32.21,True,True,True
78,1246,11.417056128118864,0.15,4.445918749467826,40124290.42123016,914.2880930587256,0.1028265932075778,3,strong,1,11.4195,827.1947835993201,3.71272,1.0472453755541222,1.178814746164912,11.19,True,True,True
79,317,12.558188211654388,0.05,1.8959187494678265,10610.372647799404,28.568908123503505,0.1965107659461692,0,mild,0,,,,1.0847306686388336,1.011166861450188,32.13,False,False,False
80,159,4.440528973443765,0.05,0.8959187494678262,11201.467402276106,17.518262410141535,0.1177060296894969,0,mild,0,,,,1.108158976816778,1.1031289833543958,30.5,False,False,False
81,975,8.02875102369988,0.15,4.045918749467827,4716479.145010887,276.930889943782,0.0910350932694978,2,mild,1,8.0292,257.17825108749906,2.35785,1.140958608265676,1.3426298846789466,28.4,True,True,True
82,1063,13.392610009077517,0.15,11.195918749467827,1068148.7157401743,172.25213397647437,0.1185113657849943,2,mild,1,13.3931,197.2330804147896,2.08406,1.190158055439584,1.3551195014367636,29.22,True,True,True
83,1079,4.432511288505032,0.15,2.4459187494678263,18728078.133546967,412.61998952973414,0.068594452796128,2,mild,1,4.433,379.24717605833246,2.7806900000000003,1.133930115812517,1.3039131138057587,34.92,True,True,True
84,463,43.56183081957056,0.05,32.29591874946782,14575.682591787174,56.91256957784197,0.3335650562207792,1,strong,0,,,,0.9254181730288104,1.1364386218514873,21.93,True,False,True
85,204,47.80310836794748,0.1,40.92091874946783,10255.14663191007,41.34236453467972,0.2889427981985323,0,mild,0,,,,0.9371323271177828,0.8988711294622787,24.2,False,False,False
86,264,23.734637902842977,0.1,11.870918749467828,9703.67576838421,26.81027410635873,0.1928522847134572,0,mild,0,,,,1.0472453755541222,0.959862358546666,32.22,False,False,False
87,910,19.946850952161423,0.25,18.795918749467827,751414.7793229213,138.80578382641215,0.1139153809089968,2,mild,1,19.948,232.24698408257095,2.13246,1.1479871007192837,1.2778006595721785,28.4,True,True,True
88,1023,46.50286777243838,0.25,4.6459187494678265,17671.273243285308,31.33268903884151,0.1671315676162189,2,mild,1,46.491,64.371784800513,1.05303,1.0706736837320667,1.1985336302615697,30.83,True,True,True
89,157,10.917143397819409,0.1,3.870918749467826,13474.628182801236,23.2160532242681,0.1419701412105178,0,mild,0,,,,1.1936723016662756,1.4170809055867684,28.94,False,False,False
90,1054,4.286261312535065,0.15,3.745918749467826,1148765.503674766,100.60458225499865,0.0675663346679294,2,mild,1,4.2858,103.09045616675644,1.37368,1.0027315900160276,1.2354739720224746,30.69,True,True,True
91,872,20.388620052196607,0.15,18.495918749467823,1742171.865640942,269.4262318366678,0.1448751392411729,2,mild,1,20.3877,244.52292924965096,1.76847,1.096444822727806,1.0327498913742568,33.0,True,True,True
92,1188,38.93782719681565,0.25,29.845918749467828,282845.5982258887,116.05532306084288,0.1548058511525273,3,strong,1,38.9423,203.6335270438883,1.66683,1.1058161459989837,1.0666548749025688,16.91,True,True,True
93,633,40.88319735431468,0.05,15.195918749467827,13122.31093854881,57.276327873190354,0.3537718357117939,1,strong,0,,,,1.0636451912786833,1.1164679046496857,21.74,False,False,False
94,1002,19.810647917831496,0.15,3.1959187494678263,348948.53897036944,116.97972657777316,0.1405823186717711,2,mild,1,19.8093,135.2710216729757,1.35146,1.129244454176928,1.0611042817166476,28.8,True,True,True
95,251,3.6496821020923105,0.05,3.595918749467826,11735.927825139464,16.425329350003288,0.1079382877348235,0,mild,0,,,,1.0812164224121417,1.197888962766238,32.91,False,False,False
96,1386,5.902015408708518,0.1,1.4209187494678264,88242546.85236116,1260.9344943896344,0.0957393311482476,3,strong,1,5.9023,1080.6707961863235,3.15843,0.983988943473672,0.8773680280909079,15.13,True,True,True
97,105,27.600515226791796,0.05,12.395918749467826,12275.525444196044,45.231857217739886,0.2889427981985323,0,mild,0,,,,1.1936723016662756,1.3863982481318544,30.94,False,False,False
98,64,9.069151562666905,0.05,6.8959187494678265,11023.84214261147,24.410722215044757,0.1648703558212973,0,mild,0,,,,0.9675891277491108,0.8981935336050195,20.68,False,False,False
99,134,10.69638141239728,0.05,4.045918749467827,15213.479270026792,31.32913646455376,0.1800364610754255,0,mild,0,,,,1.1936723016662756,1.439271378413762,22.42,True,False,True
100,1445,6.523308558431223,0.1,6.120918749467827,494974.07523348,100.5062771147095,0.101787879068315,3,strong,1,6.5232,96.23925173135756,1.02608,1.0542738680075054,0.9551297217590484,15.79,True,True,True
101,537,12.666178767961943,0.15,3.645918749467826,19058.552616846824,23.335168196673703,0.1201737097952954,1,strong,0,,,,1.096444822727806,1.0290457566398423,20.47,True,False,True
102,738,28.260419021780088,0.1,21.120918749467823,74964.37497380364,82.55266912363709,0.2135635553092116,1,strong,0,,,,1.194843717075173,1.3992943221597969,14.66,True,False,True
103,195,40.5369980001081,0.05,29.445918749467825,8663.610484706167,53.73890733508379,0.4084374256560634,0,mild,0,,,,0.9090183573042492,0.9042826686720816,30.29,False,False,False
104,293,46.36773934279267,0.05,2.6959187494678263,13072.04716143049,61.11358783078905,0.3781687860332273,0,mild,0,,,,1.194843717075173,1.366325865960993,29.39,False,False,False
105,399,39.61449410604713,0.15,35.245918749467826,28688.907966933846,52.27118660631097,0.2185723457965899,1,strong,0,,,,1.129244454176928,1.3102833526710698,12.13,True,False,True
106,130,7.519853073884184,0.1,6.070918749467827,9897.265484711908,15.083876970995746,0.1079382877348235,0,mild,0,,,,1.0531024525987964,1.2027326769469389,25.58,False,False,False
107,1435,26.217401943648188,0.15,3.145918749467826,206269.13934039685,102.84894059521856,0.1606122069960768,3,strong,1,11.4758,75.0468833395002,1.0087000000000002,1.103473315181189,1.0632929792146952,12.86,True,False,False
108,708,3.118632579569365,0.25,0.2459187494678262,35893.984094647436,11.727098672498292,0.0456459239125487,1,strong,0,,,,1.1843009783950975,1.3331012720708642,8.78,True,False,True
109,147,5.704048868849405,0.05,4.345918749467827,10688.934986986327,19.36621672967058,0.1330396562549454,0,mild,0,,,,1.159701254808256,1.254279145851236,21.72,False,False,False
110,1153,10.651162790697676,0.15,0.0959187494678261,30931.827970921146,25.21734965419712,0.1044473848444829,3,strong,1,10.6564,43.683877091368984,1.02069,1.1936723016662756,1.4102318778856704,14.19,True,True,True
111,966,27.656324905043455,0.25,10.645918749467826,211031.97955634625,83.87132596152797,0.129701310350135,2,mild,1,27.6588,157.84485237819266,1.86802,1.1761010705328172,1.3577617379397946,28.24,True,True,True
112,1349,14.036633715870348,0.15,7.845918749467827,527107.7232645019,124.51171965445216,0.1219091462216003,3,strong,1,14.0377,170.10878942730653,2.0185,1.1936723016662756,1.413261840410218,10.8,True,True,True
113,860,16.00538510240231,0.15,0.8459187494678263,7735684.782349512,503.615934276668,0.1286438110784691,2,mild,1,16.0076,437.60880173028113,2.68301,1.0905877456833195,1.1712147227451914,28.02,True,True,True
114,1247,13.586462601260262,0.15,1.3459187494678264,2394157.3322029673,261.5425303957255,0.1201737097952954,3,strong,1,13.5843,242.33460006304708,1.66661,0.9301038346643994,0.9776502735703546,8.29,True,True,True
115,587,29.514954742227467,0.15,9.795918749467829,25625.268903378634,39.408712237331045,0.1745226094445269,1,strong,0,,,,1.1714154088972284,1.16436757261421,9.39,True,False,True
116,1238,37.5924177742876,0.15,22.045918749467827,245538.2120151887,140.1536905015886,0.2003869223968956,3,strong,1,37.5902,177.81344219149008,1.30042,0.9968745129715414,0.8905506017652866,9.13,True,True,True
117,156,41.72051883512429,0.05,28.095918749467828,8370.964000819302,52.823492251141765,0.4084374256560634,0,mild,0,,,,0.9558749736601384,0.9829882894125938,26.04,False,False,False
118,139,3.824178793966775,0.05,1.7959187494678264,12569.879885115315,17.197728909648852,0.1091836894783622,0,mild,0,,,,1.0847306686388336,1.3159838066965908,29.73,False,False,False
119,474,4.983465418027015,0.15,2.895918749467826,480082.4578110223,70.35128775490493,0.072895286907127,1,strong,0,,,,1.1936723016662756,1.386735652068645,20.57,True,False,True
120,1071,35.2661112722086,0.25,29.945918749467825,50158.350608032,48.872209752545075,0.1548058511525273,2,mild,1,35.2746,102.87451041735768,1.4961099999999998,1.0706736837320667,1.34699781423134,27.86,True,True,True
121,531,6.359519882641749,0.05,3.7959187494678264,19599.875393363913,27.999910995118473,0.1419701412105178,1,strong,0,,,,1.1936723016662756,1.3863982481318544,9.47,True,False,True
122,609,17.648754544705785,0.05,12.945918749467827,13245.705096284972,39.47553985218902,0.2428543932457756,1,strong,0,,,,0.9019898648510196,1.015910976124226,8.44,False,False,False
123,1466,5.781201219488694,0.15,5.695918749467827,3762941.960017124,216.20504300624145,0.0798087276702166,3,strong,1,5.7811,226.16602526183723,1.86879,1.1198731309057504,1.1347601463084436,19.89,True,True,True
124,1354,16.55902938773708,0.15,3.145918749467826,424092.7643586926,117.91811056256653,0.1286438110784691,3,strong,1,16.5577,146.0609315513006,1.79366,1.1433014390836949,1.3552841084610352,13.88,True,True,True
125,1462,11.647624323121043,0.15,10.245918749467828,1007131.570144222,155.78263897458172,0.110474051467393,3,strong,1,11.6485,158.67162475091746,1.3766500000000002,1.0636451912786833,0.998001423223508,13.14,True,True,True
126,1414,3.658328380875573,0.25,0.6459187494678262,117732.43290604556,23.05479124009492,0.0492237902961811,3,strong,1,42.2884,103.44805686420558,1.39623,1.108158976816778,1.2535828800503592,21.97,True,False,False
127,732,46.661516446140446,0.1,17.970918749467824,14630.884983378504,45.71790050075493,0.2675504187020754,1,strong,0,,,,0.9769604510202644,1.2011206212698458,21.52,True,False,True
128,335,41.81161844232592,0.1,30.670918749467827,10945.833307278126,38.202675835213654,0.2584982508792982,0,mild,0,,,,1.0636451912786833,0.9974886688805212,26.88,False,False,False
129,1094,9.262171413516224,0.15,1.7959187494678264,198794.2446017665,61.830140241969886,0.0988545535543052,2,mild,1,9.2624,70.91463983338349,1.01805,0.9254181730288104,1.10397290210206,27.41,True,True,True
130,557,19.847609386026814,0.15,5.995918749467827,21832.02405055492,29.55132758476676,0.1419701412105178,1,strong,0,,,,1.1878152246217897,1.3072227282326787,19.21,True,False,True
131,1368,8.643401695315697,0.15,7.895918749467827,7895355.653703417,377.17192422963893,0.0957393311482476,3,strong,1,8.6438,322.07442856455805,2.35829,1.108158976816778,1.1999864521726846,17.37,True,True,True
132,1178,15.565621659765675,0.15,9.145918749467826,3561828.1470726538,344.5687230472636,0.129701310350135,3,strong,1,15.5667,310.9295172207266,1.6626500000000002,0.9371323271177828,0.8610475123042713,16.01,True,True,True
133,700,23.44978712094761,0.15,4.8959187494678265,25760.262495364856,34.614328593379625,0.1530070776973354,1,strong,0,,,,1.1761010705328172,1.2602055301032309,17.87,True,False,True
134,1489,9.445846208101027,0.15,1.2959187494678264,312084.42017877946,77.10035762733185,0.0983904074028945,3,strong,1,9.4464,93.29947369823464,1.37214,1.096444822727806,1.2972273121695113,19.85,True,True,True
135,240,27.458033573141485,0.05,26.245918749467823,9247.73433178361,45.332682181067675,0.3335650562207792,0,mild,0,,,,1.140958608265676,1.1110805778139057,30.8,False,False,False
136,707,46.77550129416534,0.15,18.045918749467827,29808.48691562203,52.05633916128495,0.2135635553092116,1,strong,0,,,,1.136272946630538,1.388735080421414,9.38,True,False,True
137,1017,4.675829519807475,0.1,1.6709187494678264,6477365.705149662,304.19368137397646,0.0854434658091638,2,mild,1,4.6758,260.2569956614477,1.7365700000000002,0.9558749736601384,0.9829882894125938,31.64,True,True,True
138,654,5.50338714194687,0.25,3.4459187494678263,53228.02854667459,19.028805330085845,0.0596910034679414,1,strong,0,,,,1.108158976816778,1.371855996241783,18.72,True,False,True
139,1217,28.004169648691537,0.15,0.2459187494678262,144656.7672031028,89.64645596362993,0.1671315676162189,3,strong,1,28.009,124.77518421678064,1.20054,1.0613023604607903,0.9814536187718216,14.77,True,True,True
140,89,3.4961506098655333,0.1,1.8709187494678263,14656.434014636849,12.621769502589066,0.0747904647164837,0,mild,0,,,,1.1198731309057504,1.254064184969093,30.39,True,False,True
141,5,27.80895230914698,0.05,9.195918749467827,9417.8076021187,39.61861431641844,0.2889427981985323,0,mild,0,,,,0.9722747893846996,1.023010730345238,29.75,False,False,False
142,464,30.85618481413671,0.15,27.895918749467825,32682.352740780527,48.31618535437797,0.1893918594207356,1,strong,0,,,,0.903161280259804,0.8720501675034124,12.58,True,False,True
143,375,22.82368873537333,0.15,3.845918749467826,28715.675364809515,36.5460368257019,0.1530070776973354,1,strong,0,,,,0.9886746051092608,1.2044025333495405,8.31,True,False,True
144,1162,21.98512778670784,0.15,14.095918749467828,1183760.594228953,234.6457591556232,0.1530070776973354,3,strong,1,21.9844,277.99685202831216,2.06283,1.194843717075173,1.1297978804835545,17.7,True,True,True
145,1127,6.725861200501617,0.15,4.045918749467827,68176805.2851016,973.0879063086692,0.0842749828079052,3,strong,1,6.7253,839.069442555009,3.871890000000001,1.0847306686388336,1.2206223391522184,16.7,True,True,True
146,991,21.735570722659368,0.15,2.245918749467826,343045.7014566535,119.55572296643614,0.1448751392411729,2,mild,1,21.7385,124.50976042368482,1.10671,0.9324466654821938,0.9057104765455144,22.24,True,True,True
147,341,16.18942255801403,0.05,5.545918749467827,17040.56329170474,42.35260918042679,0.2297528101025764,0,mild,0,,,,1.1936723016662756,1.3901488364083945,26.51,True,False,True
148,617,38.54591399691623,0.15,28.245918749467823,11104.127163027328,29.80486827755134,0.2003869223968956,1,strong,0,,,,0.903161280259804,0.8515240997642207,9.41,False,False,False
149,1245,4.547245944479308,0.1,2.370918749467826,1924111.0389345672,164.62124856151368,0.0848530023048225,3,strong,1,4.5467,157.02339476077964,1.32264,1.0097600824694108,0.9638661476404444,15.72,True,True,True
150,268,20.864031528920833,0.1,20.320918749467825,9843.929306775346,26.055549818212132,0.1861122600665755,0,mild,0,,,,0.9441608195711662,0.998007781033012,22.65,False,False,False
151,366,6.388375041348362,0.05,5.995918749467827,8187.79451809569,18.09728655693521,0.1419701412105178,0,mild,0,,,,0.995703097562644,0.9318897989674242,21.31,False,False,False
152,425,32.89147643795364,0.15,31.845918749467828,47205.20992363245,57.05726701193459,0.1861122600665755,1,strong,0,,,,1.1058161459989837,1.2191526415548586,13.34,True,False,True
153,1150,28.700951627717117,0.15,23.945918749467825,881319.6765070423,234.69656959932357,0.1772148042592244,3,strong,1,28.6961,268.07265812357946,1.85856,1.091759161092217,1.036591352655906,15.53,True,True,True
154,1399,21.86462913923374,0.15,13.095918749467828,411840.8070049685,140.04094758404273,0.1548058511525273,3,strong,1,21.8616,183.35803419181627,1.71028,1.0894163302746342,1.1533855362753775,13.35,True,True,True
155,534,37.93500252908447,0.1,12.120918749467828,10870.281583949443,35.7611053651202,0.2428543932457756,1,strong,0,,,,1.129244454176928,1.1057689192933688,16.56,False,False,False
156,648,16.032186578118544,0.15,10.145918749467826,46903.60093402837,39.2150861460682,0.1286438110784691,1,strong,0,,,,1.0027315900160276,0.9871311346900882,8.19,True,False,True
157,1320,47.5656163123791,0.15,28.145918749467825,38882.385637389016,60.85297319291801,0.2185723457965899,3,strong,1,47.534,113.89170676843122,1.35641,1.0472453755541222,1.1606524385355783,13.2,True,True,True
158,1287,4.018727896259779,0.1,3.9209187494678264,61822667.32451728,876.3466466102667,0.0798087276702166,3,strong,1,4.0185,753.9501434147317,3.07901,1.0074172516516164,1.0239931259881472,10.76,True,True,True
159,37,7.557248062340978,0.1,4.2709187494678265,13448.780413772733,17.685087933171747,0.1085555323259812,0,mild,0,,,,1.0800450070032448,1.212495554469449,29.95,False,False,False
160,788,17.360733341821085,0.15,0.5959187494678263,4767630.218122622,405.4639836091836,0.1318980441134679,2,mild,1,17.3638,356.5674093799069,2.11541,0.9371323271177828,1.0230126078697177,23.89,True,True,True
161,1311,4.898558360648243,0.25,3.4459187494678263,109528.36901958204,25.764477427038525,0.0565057931217613,3,strong,1,23.4838,50.33392994023628,1.03246,1.1690725780794338,1.3289237738254556,19.78,True,False,False
162,851,8.946272858489104,0.15,6.045918749467827,6394590.833494411,342.53750436847054,0.096598515294913,2,mild,1,8.9464,294.08387448737204,2.46884,1.1690725780794338,1.3146634695028483,33.67,True,True,True
163,259,3.334682071929267,0.05,1.4459187494678265,15483.995465455682,17.597724549188555,0.1007806519720537,0,mild,0,,,,1.1831295629862006,1.422558615246342,27.93,True,False,True
164,1226,27.00876913935189,0.25,20.795918749467827,84996.11155394223,53.22784720862512,0.129701310350135,3,strong,1,27.0093,126.40847080359464,1.72282,1.194843717075173,1.3992943221597969,9.15,True,True,True
165,1171,16.026819104605195,0.15,7.445918749467827,5781893.50988565,431.8711542431133,0.1276120842139765,3,strong,1,16.0308,448.3412750656731,2.2378400000000003,0.9066755264864548,0.9651213587734176,14.34,True,True,True
166,804,27.317015425522232,0.15,3.9459187494678263,1324060.392514946,271.21746015932456,0.1671315676162189,2,mild,1,27.3178,260.901480398914,1.63416,0.9066755264864548,0.923875733591034,21.91,True,True,True
167,1378,7.818293331294718,0.15,6.845918749467827,6834339.524216432,334.7213062474618,0.091400237831627,3,strong,1,7.8186,333.6767610496562,2.43342,1.140958608265676,1.216497857707295,9.12,True,True,True
168,583,38.68609059724718,0.25,9.845918749467828,41902.67234790219,44.66951253259995,0.1548058511525273,1,strong,0,,,,1.108158976816778,1.2651359327139582,10.86,True,False,True
169,24,13.544178066729875,0.05,9.045918749467829,10448.109758826624,30.141852686525898,0.208885450791923,0,mild,0,,,,1.0121029132872053,1.0658026847919673,22.46,False,False,False
170,510,3.131894748124629,0.15,1.3959187494678262,21447.758522221528,11.763189857654924,0.0582055066630974,1,strong,0,,,,1.030845559829561,1.113585428544172,11.9,True,False,True
171,783,27.955108811122773,0.15,14.145918749467826,54406303.59977373,1714.8997858952123,0.1648703558212973,2,mild,1,27.9562,1470.033828119438,3.90148,0.9066755264864548,0.9292294737245288,29.28,True,True,True
172,1288,40.45136235740419,0.25,30.945918749467825,3345338.3399672746,431.1057062927633,0.1671315676162189,3,strong,1,40.4501,868.534629266666,3.34356,1.1093303922256754,1.036031135945384,16.45,True,True,True
173,1184,6.093592576944328,0.15,3.7959187494678264,1523224.2490301128,137.9866048313256,0.0800514075335422,3,strong,1,6.0945,146.80608829665772,1.33606,0.9418179887533716,1.0069576008015118,20.84,True,True,True
174,858,4.153854674857726,0.1,0.4709187494678262,7096894.781521559,297.8442290342713,0.0800514075335422,2,mild,1,4.1541,251.5650986469404,1.9463399999999995,1.129244454176928,1.1206003915295086,33.56,True,True,True
175,446,35.33118198520752,0.1,35.22091874946783,37242.219690404345,72.94050382763474,0.2675504187020754,1,strong,0,,,,1.194843717075173,1.3954401755357515,14.78,True,False,True
176,389,8.262245055340527,0.15,4.195918749467826,30654.852146839057,22.603411301113763,0.0921442675250926,1,strong,0,,,,1.0847306686388336,1.1604831887183549,20.11,True,False,True
177,346,13.193294064872124,0.05,4.195918749467826,11853.64365864863,30.794341894118965,0.2003869223968956,0,mild,0,,,,1.1433014390836949,1.205118596566895,29.73,False,False,False
178,1376,4.834249543685347,0.15,4.1459187494678265,10665825.95976448,332.45555174123615,0.0730780782771583,3,strong,1,4.8346,351.60766014407346,2.06668,1.101130484363395,1.0064711453548494,19.29,True,True,True
179,619,38.31453020562817,0.15,24.945918749467825,16409.26846383982,36.231774412898794,0.2003869223968956,1,strong,0,,,,1.0437311293274305,1.2502730045770207,15.95,True,False,True
180,580,15.054096188844875,0.1,4.970918749467827,48616.37658093162,47.00888532110982,0.1512701184544283,1,strong,0,,,,0.948846481206755,1.027637443446992,14.45,True,False,True
181,904,39.762565389509405,0.25,33.79591874946782,244532.60252471024,116.55532842691544,0.1671315676162189,2,mild,1,39.7649,484.12590620062593,3.35643,1.190158055439584,1.3930146655174167,29.64,True,True,True
182,387,9.26396383227961,0.1,0.1709187494678262,12554.497511958589,18.939375092993497,0.1201737097952954,1,strong,0,,,,1.1878152246217897,1.2880345879225326,16.7,False,False,False
183,219,45.29290387518873,0.1,31.970918749467828,11768.676081090707,37.20954349608634,0.2428543932457756,0,mild,0,,,,1.0238170673761682,1.0974561851322575,32.64,False,False,False
184,263,5.3766723501979286,0.05,2.595918749467826,9883.058817026053,18.15035244563775,0.129701310350135,0,mild,0,,,,0.9863317742915458,1.068000184326068,23.6,False,False,False
185,215,43.46295384080438,0.1,18.270918749467825,9461.761218726731,36.76520330562335,0.2675504187020754,0,mild,0,,,,1.016788574922794,0.9314673116172068,28.5,False,False,False
186,273,3.343649454966971,0.05,1.1459187494678262,8321.497655156889,13.166796667467564,0.1028265932075778,0,mild,0,,,,0.9207325113932217,0.9674053847264288,24.63,False,False,False
187,0,33.60730423092722,0.05,23.595918749467828,7826.889821514472,41.70502187057858,0.3335650562207792,0,mild,0,,,,0.9781318664291856,0.9190898795385184,30.46,False,False,False
188,28,11.02907114968419,0.05,1.0959187494678262,8052.392652125827,22.792744533358785,0.1800364610754255,0,mild,0,,,,1.030845559829561,0.9688073544177326,32.98,False,False,False
189,1183,13.62319410974,0.15,6.3959187494678265,256261.22746968764,83.22246764427476,0.116917138035187,3,strong,1,13.6222,118.85249982225196,1.40492,1.0905877456833195,1.1768055031022375,11.28,True,True,True
190,1084,6.962597228175012,0.15,5.245918749467827,71438946.75634329,1010.2259065345116,0.0854434658091638,2,mild,1,6.9621,977.115604907844,3.18659,0.9019898648510196,0.9309159474976652,28.88,True,True,True
191,1107,26.11015370689505,0.25,6.745918749467827,193546.10257867788,76.58350613203267,0.123723175277265,2,mild,1,26.1099,129.85225541754795,1.48324,1.0812164224121417,1.1886224707091904,27.22,True,True,True
192,111,47.47127891888471,0.05,28.895918749467825,9870.654466195643,53.10543277614458,0.3781687860332273,0,mild,0,,,,1.0355312214651498,1.0625327525317525,20.74,False,False,False
193,606,6.127914260812726,0.25,5.8959187494678265,312557.98455537425,48.66069789223016,0.0628391116165239,1,strong,0,,,,1.0905877456833195,1.215018318360475,12.92,True,False,True
194,166,5.255661411998024,0.05,3.845918749467826,12405.746686521408,20.167939731184795,0.1286438110784691,0,mild,0,,,,1.1655583318527425,1.306281971678939,24.76,False,False,False
195,650,3.043486788797972,0.15,0.5959187494678263,65877.90501268048,20.355010356682005,0.0575059915179441,1,strong,0,,,,0.9816461126558772,1.2688992122541063,12.3,True,False,True
196,12,48.21233419761288,0.05,7.245918749467827,10542.91632750836,48.40320542073487,0.3335650562207792,0,mild,0,,,,1.1561870085815644,1.2572141610399028,22.3,False,False,False
197,1457,27.53700791256403,0.15,3.395918749467826,145947.68994902543,90.0455717798942,0.1671315676162189,3,strong,1,27.5417,111.29781871146793,1.15907,1.0941019919100112,1.0032833263319128,8.74,True,True,True
198,526,4.972336313519571,0.15,1.9959187494678263,27951.88153411174,17.15314350018732,0.0736351845700174,1,strong,0,,,,1.0905877456833195,1.1771708197157238,19.6,True,False,True
199,1114,23.876696628498056,0.25,7.045918749467827,23034474.73280683,799.9040694706742,0.1185113657849943,2,mild,1,23.8739,848.6672389621297,3.30451,1.096444822727806,1.0358469882241317,32.47,True,True,True
200,1026,6.619373345101501,0.15,0.3959187494678262,623594.9600878216,92.11017952030534,0.0834303550032252,2,mild,1,6.6195,98.41219287688196,1.1212300000000002,0.9605606352957272,1.03211362381327,34.38,True,True,True
201,160,36.882807121077995,0.05,0.2959187494678262,9938.56617586043,44.583777713110926,0.3164720516971595,0,mild,0,,,,1.030845559829561,0.9412082390886132,34.57,False,False,False
202,831,42.105829512491816,0.25,37.59591874946783,3628585.07276197,448.98558952140894,0.1671315676162189,2,mild,1,42.1086,843.4549116138156,3.87068,1.091759161092217,1.2170644824354455,32.8,True,True,True
203,319,11.077562756484898,0.05,1.9959187494678263,8531.128340385021,23.460506746424585,0.1800364610754255,0,mild,0,,,,1.016788574922794,0.9234786670975028,21.79,False,False,False
204,254,3.3291163121039604,0.05,1.5459187494678264,9991.414374694892,14.352997728981292,0.1023031988500929,0,mild,0,,,,1.065988022096431,1.1296842317951408,24.32,False,False,False
205,373,47.970768837149805,0.05,25.695918749467825,9148.093509349095,51.12475919426096,0.3781687860332273,0,mild,0,,,,0.9371323271177828,0.9175635416996052,21.39,False,False,False
206,1049,15.706063440650045,0.25,15.695918749467827,15215383.652903264,494.47845638011495,0.0983904074028945,2,mild,1,15.7046,589.0456603226121,2.57114,0.9207325113932217,0.9674053847264288,23.99,True,True,True
207,689,45.96702522141522,0.1,7.370918749467827,15400.88137110974,46.905499785830386,0.2675504187020754,1,strong,0,,,,1.1936723016662756,1.3880284091234625,12.97,True,False,True
208,397,8.849523584766512,0.15,2.4459187494678263,17425.523390017795,17.719294410747146,0.0957393311482476,1,strong,0,,,,1.112844638452367,1.0295569768985,11.43,True,False,True
209,1146,13.89404357934844,0.15,2.1959187494678263,283527.67220418254,88.74552761879556,0.1185113657849943,3,strong,1,13.8951,110.2176988084516,1.1830500000000002,1.096444822727806,1.0290457566398423,20.93,True,True,True
210,1177,31.167576328475644,0.15,27.445918749467825,1450626.5203394876,305.92287878456864,0.1800364610754255,3,strong,1,31.1775,351.4797508183675,2.12014,1.096444822727806,1.032693969222968,13.14,True,True,True
211,649,4.492410568099229,0.05,1.5459187494678264,11146.231612148673,17.126642535249815,0.1153865119569403,1,strong,0,,,,1.0706736837320667,0.9890201816425208,13.51,False,False,False
212,1428,6.670100647762478,0.15,3.495918749467826,6702283.282203615,303.0051150660891,0.083708979127606,3,strong,1,6.6699,301.5131266924445,2.03511,0.974617620202494,1.070266746677168,19.87,True,True,True
213,885,40.90066261282142,0.25,14.945918749467827,76430.74642476393,60.32876058365684,0.1548058511525273,2,mild,1,40.904,111.6337737830493,1.33199,1.065988022096431,1.1512255432703058,29.35,True,True,True
214,1218,5.24702046756009,0.15,3.1959187494678263,4600579.726381928,225.46648331435617,0.0753897687783055,3,strong,1,5.247,232.49486423877192,1.85636,1.0027315900160276,1.1117644321455111,8.85,True,True,True
215,823,4.426568164044248,0.15,0.7459187494678263,6411697.216958274,241.42940276155784,0.068594452796128,2,mild,1,4.426,244.275282695173,2.03951,1.0812164224121417,1.191635225379027,22.98,True,True,True
216,1228,7.769440219070987,0.1,7.770918749467827,7850997.743933029,464.0128610971807,0.110474051467393,3,strong,1,7.7698,383.7732356339873,1.94293,0.9418179887533716,0.9056847771871052,18.87,True,True,True
217,1014,11.158903117653477,0.15,9.945918749467827,14662735.997080794,583.9467958617699,0.1085555323259812,2,mild,1,11.157,500.6411532862226,2.62911,1.0812164224121417,1.073007456216816,26.73,True,True,True
218,1439,30.080618745529534,0.25,29.895918749467825,324831.62438339414,116.33851905527575,0.1448751392411729,3,strong,1,30.0837,203.34814228322327,1.99243,1.1093303922256754,1.2759105357417138,10.86,True,True,True
219,1219,12.8153755457396,0.15,10.295918749467829,829631.2381644981,148.7397044651717,0.1161441404389985,3,strong,1,12.815,156.17628804849596,1.31747,1.0472453755541222,0.9626988264973784,20.48,True,True,True
220,124,26.23895740400595,0.1,4.170918749467827,9927.745618939396,27.634629360974163,0.1965107659461692,0,mild,0,,,,1.0683308529142723,0.991586242024223,22.05,False,False,False
221,1241,16.30799952161607,0.15,5.1459187494678265,32344500.102539305,1029.793869275794,0.1286438110784691,3,strong,1,16.3101,875.307305918562,3.2144199999999996,1.030845559829561,0.9921551723316394,18.18,True,True,True
222,1201,5.859034737421862,0.15,1.6459187494678262,567172.9133329168,82.91455355915596,0.0788603778083793,3,strong,1,5.8601,97.38264824794278,1.16798,0.9219039268021187,1.08081626517241,12.17,True,True,True
223,75,22.417538073721285,0.1,4.620918749467827,12133.968450587145,31.7988055994078,0.2045032061809544,0,mild,0,,,,1.194843717075173,1.3720068628213131,34.16,False,False,False
224,717,48.38288264071824,0.1,48.370918749467826,36194.08464779487,60.066309819241205,0.2776287235277611,1,strong,0,,,,0.9183896805754272,1.1229894026791083,19.78,True,False,True
225,1469,35.71337867760855,0.15,20.995918749467823,449473.44433297263,189.62561943639835,0.2003869223968956,3,strong,1,35.7183,221.58548532972355,1.50117,0.9277610038466048,0.9209084926958896,17.31,True,True,True
226,1115,24.062725595572314,0.25,5.795918749467827,789459.5154942771,154.670668263374,0.123723175277265,2,mild,1,24.0598,270.5573882692004,2.38656,1.173758239715023,1.3249512959737453,27.48,True,True,True
227,1221,37.56291998831337,0.25,33.94591874946783,107596.8090605188,71.57972879461346,0.1548058511525273,3,strong,1,37.5746,129.12920954535304,1.34123,1.0355312214651498,1.0778250393169724,20.2,True,True,True
228,485,49.178151058458376,0.1,33.270918749467825,16802.927650385715,50.843542287757955,0.2776287235277611,1,strong,0,,,,1.0449025447363278,1.0668120432255843,21.77,True,False,True
229,876,7.419618124258014,0.15,3.0459187494678264,3259766.282747742,225.6852856699645,0.0892744685253213,2,mild,1,7.4191,205.99480300471257,1.7611,0.9254181730288104,1.120503303074367,34.35,True,True,True
230,1024,34.39200550290431,0.25,26.245918749467823,4005148.9499651142,408.5109622134349,0.1448751392411729,2,mild,1,34.3893,504.2623965317777,2.34058,1.0027315900160276,0.951814800935094,20.82,True,True,True
231,1200,30.955951652071025,0.25,14.745918749467828,419284.75107244455,124.6156685755647,0.1366533436151313,3,strong,1,30.959,221.56985445255535,1.93897,0.995703097562644,1.1895234536884187,16.86,True,True,True
232,1013,17.395430647904746,0.15,12.895918749467826,9856042.18357789,615.6935483844429,0.1392348326199822,2,mild,1,17.3967,513.0888242630904,2.12729,0.9254181730288104,0.8576057355377524,24.66,True,True,True
233,73,6.581152705382685,0.05,2.895918749467826,10591.936767086629,20.79240124846107,0.143400348945257,0,mild,0,,,,0.9207325113932217,0.9638560245768406,32.22,False,False,False
234,214,11.100681604570674,0.05,1.6959187494678265,10363.73400668764,26.734626915730193,0.1861122600665755,0,mild,0,,,,1.1714154088972284,1.236530865356846,24.28,False,False,False
235,468,45.48657090581944,0.05,44.59591874946783,34908.20190560089,99.86877376351828,0.3781687860332273,1,strong,0,,,,1.096444822727806,1.090197856061491,15.11,True,False,True
236,1056,21.03824881129932,0.25,6.795918749467827,674713.6946142872,131.53079922191637,0.1139153809089968,2,mild,1,21.038,215.27475743658889,1.98176,1.1468156853103866,1.2334221973843231,25.33,True,True,True
237,72,32.31420507996237,0.05,12.845918749467828,8336.062303498278,38.93132018754492,0.3017675832604191,0,mild,0,,,,1.0636451912786833,0.998001423223508,24.72,False,False,False
238,642,30.289985796888782,0.15,24.895918749467825,24848.060698718404,40.03873986828129,0.1800364610754255,1,strong,0,,,,1.0636451912786833,0.9969272807916868,12.13,True,False,True
239,522,33.60730423092722,0.1,29.970918749467828,17608.211600746778,43.05224684001223,0.2297528101025764,1,strong,0,,,,1.0636451912786833,1.211995879598586,8.91,True,False,True
240,92,22.501837711336805,0.1,5.920918749467827,10901.05916831348,26.519693435090687,0.1800364610754255,0,mild,0,,,,1.0472453755541222,0.96334272354702,20.33,False,False,False
241,1474,19.67224939997639,0.25,9.595918749467828,5412188.232189487,358.97301371543256,0.109823083284368,3,strong,1,19.6755,505.3780755029855,2.87628,1.0472453755541222,1.168369520028635,21.82,True,True,True
242,331,19.980152387041777,0.1,5.670918749467827,12442.217319930158,27.88617188671896,0.1772148042592244,0,mild,0,,,,1.0531024525987964,1.1840485319689935,22.88,False,False,False
243,672,3.498322304180712,0.1,3.0709187494678263,16601.04275134946,13.39666870707122,0.0745939785807985,1,strong,0,,,,1.1843009783950975,1.1688615906915076,20.43,True,False,True
244,763,25.6760149496448,0.25,9.945918749467827,3138688.9438369507,308.40198795869867,0.123723175277265,2,mild,1,25.6734,503.5414680271557,2.8803500000000004,1.140958608265676,1.1721546060176151,28.19,True,True,True
245,191,21.23893178771688,0.05,12.995918749467828,11411.581319502096,37.768342099405984,0.2503092147131164,0,mild,0,,,,1.096444822727806,1.0327498913742568,21.56,False,False,False
246,900,14.345809290018174,0.15,1.4959187494678263,34957694.533157244,1006.6113988066376,0.1210319607760169,2,mild,1,14.3458,833.3860705512137,3.5457400000000003,1.0730165145498611,1.1216078082155745,28.5,True,True,True
247,1191,11.225630215414553,0.15,3.595918749467826,1623611.7017895095,194.31523787269873,0.1085555323259812,3,strong,1,11.2257,192.67991874229585,1.5287799999999998,1.0542738680075054,1.005736058689903,9.18,True,True,True
248,1186,3.709353405176287,0.1,1.1209187494678263,428466.0399369779,69.58034334550847,0.076212676918218,3,strong,1,3.7094,72.05498286132942,1.04049,1.140958608265676,1.119342920799293,12.47,True,True,True
249,1101,9.082917691893126,0.15,6.845918749467827,660578.7302121643,107.18360762178256,0.0940891139548072,2,mild,1,9.0847,123.62523268860548,1.5613400000000002,1.1468156853103866,1.2823340696447898,34.57,True,True,True
250,576,30.328366055361226,0.15,8.595918749467828,30596.727528172454,43.72980071428153,0.1772148042592244,1,strong,0,,,,1.000388759198233,1.074642822286266,8.53,True,False,True
251,1215,7.309721604033801,0.15,2.145918749467826,3959006.035870621,243.99574863394216,0.0876147918034216,3,strong,1,7.3106,239.80063639430912,2.22046,1.0941019919100112,1.3094081639281805,8.24,True,True,True
252,746,48.50544357011965,0.15,27.995918749467823,21889.265174652424,48.00138723286236,0.2297528101025764,1,strong,0,,,,1.194843717075173,1.4482379537570689,17.64,True,False,True
253,1145,3.542329891648325,0.15,0.0959187494678261,32513270.802678995,491.6648812049248,0.0622774179626492,3,strong,1,3.5421,451.15051503495255,3.2723899999999997,1.1936723016662756,1.406894669028047,11.02,True,True,True
254,524,3.39534957420897,0.25,0.9459187494678264,36921.80882031907,12.403260461856902,0.0474341649025256,1,strong,0,,,,1.0683308529142723,0.9910178497752004,21.36,True,False,True
255,1155,7.72555509963723,0.15,5.795918749467827,11190605.32740114,419.7975764054903,0.0896181995912459,3,strong,1,7.7255,411.9733591416919,2.48171,0.9511893120245496,1.1165385448944445,11.48,True,True,True
256,861,39.565381774698416,0.25,1.2459187494678263,5493413.313139241,511.4597835113604,0.1548058511525273,2,mild,1,39.5621,600.9490553754521,2.3463,0.9207325113932217,0.8740212024716607,27.84,True,True,True
257,1417,8.978152434158021,0.15,3.0459187494678264,2407318.46505264,211.13969682428,0.0970370849565969,3,strong,1,8.9779,211.7567519370383,1.87044,1.0894163302746342,1.1737683746559575,18.78,True,True,True
258,1102,3.04358354002209,0.15,1.0459187494678264,71259175.08028308,666.3200426627583,0.0572505791904407,2,mild,1,3.0435,649.2562533051374,3.57907,1.0941019919100112,1.2826831149405231,28.27,True,True,True
259,383,46.322870878413845,0.25,7.795918749467827,103040.2789984102,75.6601608797927,0.1671315676162189,1,strong,0,,,,1.0613023604607903,0.9730144528869668,17.15,True,False,True
260,203,5.9608083655448505,0.1,1.8709187494678263,11086.564116699386,14.32852898597202,0.0970370849565969,0,mild,0,,,,1.0613023604607903,1.1865888958631587,22.23,False,False,False
261,183,3.5200591389648332,0.15,1.9459187494678265,11624.750792236851,9.17808937532352,0.061517271860805,0,mild,0,,,,1.1690725780794338,1.331344276117417,33.95,False,False,False
262,103,5.522114966903022,0.05,0.5959187494678263,10065.553234527582,18.47174042668329,0.1307856701777375,0,mild,0,,,,1.101130484363395,1.163780262864324,30.47,False,False,False
263,1030,31.330766445719377,0.15,16.345918749467824,1588775.8165693367,301.3091261781624,0.1694891961437145,2,mild,1,31.3389,390.1023788133408,2.16931,0.9675891277491108,1.0029737687787732,28.02,True,True,True
264,767,4.076564048579769,0.15,0.3959187494678262,11690633.001605522,310.8324334205833,0.065517472447564,2,mild,1,4.0771,285.3323462436776,2.5757600000000003,1.1690725780794338,1.3924741663324565,31.12,True,True,True
265,161,9.973248639160268,0.05,5.845918749467827,8874.154815887528,23.927517989838268,0.1800364610754255,0,mild,0,,,,0.9090183573042492,0.9424838394288834,31.93,False,False,False
266,1437,9.281026474494888,0.15,7.045918749467827,10866164.108062854,450.67268741154584,0.0974818258184922,3,strong,1,9.2807,400.64028343432994,2.30417,0.9511893120245496,1.0512220613302867,10.39,True,True,True
267,847,14.555178905284675,0.15,4.845918749467827,128622.44366189477,61.058879557428355,0.1210319607760169,2,mild,1,14.5549,78.45314104780563,1.30185,1.0472453755541222,1.3421870221737648,32.4,True,True,True
268,548,5.448578236926609,0.25,1.2959187494678264,132573.99595517217,29.729221982775627,0.0591197566898575,1,strong,0,,,,1.1936723016662756,1.3916484807890928,18.11,True,False,True
269,129,28.709558049471408,0.05,19.145918749467825,10292.52912948018,47.82497982686494,0.3335650562207792,0,mild,0,,,,1.1936723016662756,1.3863982481318544,28.38,False,False,False
270,158,31.883755039572605,0.1,21.020918749467825,13576.670261109466,37.80374565277816,0.2297528101025764,0,mild,0,,,,1.096444822727806,1.0453497086537211,34.06,False,False,False
271,769,32.2924067256561,0.25,20.195918749467825,5378165.407924457,473.3816909537014,0.1448751392411729,2,mild,1,32.2866,829.3978294645677,3.91204,1.108158976816778,1.240449520089066,25.04,True,True,True
272,1006,37.011128383546776,0.25,17.045918749467827,611033.1728812585,170.577893515691,0.1548058511525273,2,mild,1,37.0162,348.1924083260225,2.4398,1.0683308529142723,1.193993146446405,34.9,True,True,True
273,1312,6.953495020358967,0.15,2.145918749467826,306255.5698296003,66.14438425893985,0.0854434658091638,3,strong,1,6.953,75.28396280779405,1.26324,1.1198731309057504,1.3295108599711345,12.88,True,True,True
274,595,14.005832845706603,0.1,10.720918749467828,26578.468923950757,33.63032378100047,0.1463968722805013,1,strong,0,,,,1.091759161092217,1.260773548572529,16.39,True,False,True
275,238,3.053874172118014,0.05,1.3459187494678264,10686.502891288908,14.335608497246463,0.0988545535543052,0,mild,0,,,,1.1854723938039953,1.370544274033866,26.56,False,False,False
276,41,40.5713538661281,0.15,40.495918749467826,10526.795350075578,31.663100576261257,0.2185723457965899,0,mild,0,,,,1.1058161459989837,1.220476971866961,28.29,False,False,False
277,163,16.03755764803159,0.05,14.345918749467828,13083.700641282448,36.17139842649499,0.2239526708070477,0,mild,0,,,,1.1561870085815644,1.3724193115628434,31.49,False,False,False
278,197,5.988398090036571,0.05,5.095918749467827,15280.68887580169,23.78973391705983,0.1366533436151313,0,mild,0,,,,1.0472453755541222,1.3421870221737648,29.3,True,False,True
279,217,9.2273573608058,0.1,7.820918749467827,11740.76678585595,18.44754945106389,0.1210319607760169,0,mild,0,,,,0.9558749736601384,1.109998301243305,27.24,False,False,False
280,126,24.59431688374152,0.1,13.070918749467827,13908.413078997784,33.35675413345583,0.2003869223968956,0,mild,0,,,,0.9816461126558772,1.053742515218807,29.79,False,False,False
281,154,35.554229909215174,0.1,27.970918749467828,11709.848918330035,38.25873906431385,0.2503092147131164,0,mild,0,,,,0.9769604510202644,1.1656835639007743,22.07,False,False,False
282,734,3.668420773736493,0.25,2.095918749467826,270142.5434934579,34.88349615541108,0.0491723996072352,1,strong,0,,,,1.091759161092217,1.2306306646454142,12.14,True,False,True
283,337,32.31420507996237,0.05,12.095918749467828,14590.659256233364,51.50579712514872,0.3017675832604191,0,mild,0,,,,1.1936723016662756,1.3901488364083945,22.36,True,False,True
284,34,4.243892363757083,0.15,0.0959187494678261,11909.166142438631,10.072037422442316,0.0670002233809782,0,mild,0,,,,1.1936723016662756,1.395022407528708,21.66,False,False,False
285,1161,45.143410347214555,0.25,38.69591874946783,6514708.397907839,601.6047243233825,0.1671315676162189,3,strong,1,45.1466,1002.3549932069546,3.5825899999999997,0.9816461126558772,1.033340821303397,20.83,True,True,True
286,1434,31.51641009119052,0.15,10.745918749467828,90077.77573232671,73.88679946575385,0.1745226094445269,3,strong,1,31.5166,106.45597158677528,1.12761,1.0636451912786833,0.998001423223508,18.33,True,True,True
287,498,5.7499530404848525,0.1,0.2209187494678262,16533.83898818068,18.755900625114315,0.1038984620604907,1,strong,0,,,,1.0905877456833195,1.314854688484988,12.27,True,False,True
288,427,41.9398283205801,0.15,18.745918749467823,85259.13604128394,90.11058604968396,0.2185723457965899,1,strong,0,,,,0.9722747893846996,1.17222174703416,10.83,True,False,True
289,820,10.967165648717286,0.15,8.495918749467826,291764.78273209726,81.8977190442195,0.1079382877348235,2,mild,1,10.9694,87.89326140427467,1.2133,1.0683308529142723,1.1818100084304028,23.12,True,True,True
290,1117,17.03333724482264,0.15,1.2959187494678264,4647644.792589605,400.329381306909,0.1318980441134679,2,mild,1,17.0312,347.42867298239116,1.7908,0.9324466654821938,0.8773472373224117,26.4,True,True,True
291,313,22.97705791943464,0.05,3.645918749467826,9539.093721543111,35.663414907611056,0.2584982508792982,0,mild,0,,,,0.9769604510202644,1.002976567648242,22.85,False,False,False
292,303,3.6206975627065376,0.05,0.8459187494678263,13379.225972676564,17.242857440869415,0.106148978486855,0,mild,0,,,,1.194843717075173,1.3680577346779932,26.18,False,False,False
293,740,10.281705266236496,0.05,5.8959187494678265,14720.560879447678,30.817423726289267,0.1800364610754255,1,strong,0,,,,1.0847306686388336,1.1582198397925128,16.99,True,False,True
294,1076,26.456477643531176,0.25,2.045918749467826,1451522.8108969622,209.72729847149225,0.123723175277265,2,mild,1,26.4564,324.9040648456443,2.17217,1.0437311293274305,1.100458058027992,22.51,True,True,True
295,149,14.39325605496488,0.05,11.795918749467829,12947.559097003928,35.1155359688746,0.2185723457965899,0,mild,0,,,,1.101130484363395,1.134164607515857,34.49,False,False,False
296,1380,48.04298388904904,0.15,44.19591874946783,39591.5183525784,64.55639586934691,0.2297528101025764,3,strong,1,48.0434,85.51237769181654,1.00716,1.0636451912786833,0.994583463091968,15.89,True,True,True
297,431,8.21122530163573,0.15,4.745918749467827,29104.938216786195,21.933384575918605,0.0917699310249873,1,strong,0,,,,1.0238170673761682,1.0968631999762928,18.09,True,False,True
298,347,11.60526845170242,0.05,1.5959187494678264,9676.766188965576,26.290636829984013,0.1893918594207356,0,mild,0,,,,1.0812164224121417,1.2022507411353562,32.81,False,False,False
299,377,3.220926412262261,0.1,2.3209187494678263,31898.862801294752,17.771615704974455,0.0714827353033349,1,strong,0,,,,0.903161280259804,0.9285495898900846,12.89,True,False,True
300,1458,26.23176831329937,0.25,12.645918749467826,65238.18509830332,46.63267277289008,0.129701310350135,3,strong,1,26.2362,73.50950818564925,1.26346,1.173758239715023,1.3456961021701384,9.14,True,True,True
301,1436,36.91124600114839,0.25,17.445918749467825,614169.372692064,171.01508882079384,0.1548058511525273,3,strong,1,36.9135,307.0661354192619,2.13334,1.0636451912786833,1.1117352362181394,19.9,True,True,True
302,1028,21.30509919037924,0.15,1.1459187494678262,1584972.4987035186,259.70298081212485,0.1463968722805013,2,mild,1,21.3092,244.20136310572212,1.77738,1.096444822727806,1.03863631435951,24.95,True,True,True
303,208,40.90066261282142,0.05,8.945918749467827,11635.150500918886,53.93317740713709,0.3537718357117939,0,mild,0,,,,1.1561870085815644,1.2642647154370394,32.2,False,False,False
304,967,16.519030557554224,0.15,11.745918749467828,396556.66589908645,115.94222200750174,0.1307856701777375,2,mild,1,16.5213,122.33735040361704,1.17403,1.0613023604607903,0.9692971044349776,34.96,True,True,True
305,1057,20.54172620161691,0.15,1.9459187494678265,966481.9995772096,185.78808968987923,0.1342118068900777,2,mild,1,20.5426,215.98308980779728,1.72359,0.974617620202494,1.070979965614984,29.8,True,True,True
306,1499,3.63347657782924,0.1,1.1709187494678264,8277932.5519600045,304.9761926969221,0.0760043242999066,3,strong,1,3.6333,261.1770180457917,2.0098100000000003,1.0894163302746342,1.1356507162802627,14.86,True,True,True
307,271,42.68780890402512,0.05,40.29591874946783,12548.905074474447,59.87822183273184,0.3781687860332273,0,mild,0,,,,1.0437311293274305,1.2560647693556743,32.29,False,False,False
308,791,3.992084762769109,0.1,3.6709187494678264,13328426.203967985,406.9035657874404,0.0798087276702166,2,mild,1,3.9922,353.5102670626259,2.0693200000000003,1.0636451912786833,1.005041269539187,28.05,True,True,True
309,122,11.517316222296731,0.05,0.7959187494678263,8824.00178928652,24.254211715750195,0.1829982843991256,0,mild,0,,,,1.0636451912786833,0.9974886688805212,33.12,False,False,False
310,10,28.615170361326264,0.05,16.045918749467827,12316.401670966154,49.631445014156405,0.3164720516971595,0,mild,0,,,,1.0437311293274305,1.0992961779884998,29.94,False,False,False
311,881,3.0496912931799853,0.1,0.9209187494678264,2504820.5102557023,153.36049494850906,0.0696735363052868,2,mild,1,3.0495,134.429205017752,1.66925,1.1714154088972284,1.3147156287691069,21.6,True,True,True
312,884,14.725314641377553,0.15,9.595918749467828,1382161.2873786718,206.22327611511616,0.1246615419043813,2,mild,1,14.7233,191.39600976970453,1.28755,0.9254181730288104,0.8498747363259563,32.67,True,True,True
313,1304,17.26057821028688,0.15,10.845918749467828,18228643.689867917,806.8599562029673,0.1342118068900777,3,strong,1,17.2604,677.098197631203,2.58797,1.0121029132872053,0.9082191705720846,17.26,True,True,True
314,1011,27.576665686130315,0.25,27.445918749467825,601293.9022335266,149.23184823343726,0.1366533436151313,2,mild,1,27.5745,259.7700899025375,2.25522,1.1093303922256754,1.2777667946792244,20.64,True,True,True
315,333,28.02056155077184,0.1,7.620918749467827,12776.19660904413,31.97023191538544,0.2003869223968956,0,mild,0,,,,1.136272946630538,1.390853690101582,23.59,False,False,False
316,505,10.171382201296105,0.05,10.145918749467826,18004.660144488364,34.08212107636151,0.1800364610754255,1,strong,0,,,,1.0542738680075054,1.1194997411349974,20.02,True,False,True
317,428,10.278393867477392,0.1,6.170918749467827,16715.72494530535,23.22104506088231,0.1276120842139765,1,strong,0,,,,1.0683308529142723,1.1878465320306013,12.28,True,False,True
318,1190,34.906099462428145,0.25,18.595918749467824,71486.70790084019,54.5766692754484,0.1448751392411729,3,strong,1,34.9049,98.47490238793895,1.34475,1.0894163302746342,1.2374738474009683,16.06,True,True,True
319,873,27.93064279861956,0.25,4.6459187494678265,94730.82428252448,56.1933638675495,0.129701310350135,2,mild,1,27.9342,108.70913278907894,1.58114,1.1831295629862006,1.3848239503105513,27.76,True,True,True
320,83,10.385427605386754,0.05,0.5959187494678263,10448.867310436572,25.554925296355012,0.1772148042592244,0,mild,0,,,,1.0472453755541222,0.9981913910895052,20.48,False,False,False
321,546,3.1662817746967655,0.1,1.1209187494678263,17973.517481909013,12.99097465032331,0.0696735363052868,1,strong,0,,,,0.9043326956686604,0.8800752910699579,21.2,True,False,True
322,778,7.73054543392998,0.15,5.845918749467827,909401.1455201332,120.62511483236874,0.0903180846357682,2,mild,1,7.7314,127.30292656401386,1.31208,0.9816461126558772,1.061936082812738,20.59,True,True,True
323,1,13.80588886809414,0.05,1.1959187494678265,9467.97128775004,28.69323702736759,0.208885450791923,0,mild,0,,,,1.1058161459989837,1.0274383477521531,34.51,False,False,False
324,581,17.057614962680486,0.1,11.620918749467828,14376.433795391606,27.50735193150677,0.1626991726110283,1,strong,0,,,,1.0531024525987964,1.1840485319689935,12.82,True,False,True
325,493,12.644432330362262,0.25,0.8459187494678263,202381.2058137466,55.374921275509635,0.0879391124952054,1,strong,0,,,,0.9886746051092608,0.9569517028843652,11.17,True,False,True
326,599,49.12768164201103,0.05,32.245918749467826,13859.311737390084,58.86278904662538,0.3537718357117939,1,strong,0,,,,1.1690725780794338,1.3479873904964543,8.38,False,False,False
327,1334,15.72928646082753,0.15,13.095918749467828,4206093.459324842,377.5969270255614,0.1307856701777375,3,strong,1,15.7293,323.7232568017862,1.81104,1.0074172516516164,0.9191753053323508,20.42,True,True,True
328,49,3.1232106009465723,0.15,2.045918749467826,9515.93911633457,7.835378458584838,0.0582055066630974,0,mild,0,,,,1.096444822727806,1.033060147194224,24.83,False,False,False
329,502,18.802963445820588,0.15,17.845918749467824,34513.60235905433,37.15567378425768,0.1419701412105178,1,strong,0,,,,1.1831295629862006,1.3812757768375614,20.84,True,False,True
330,8,20.034505019923863,0.05,0.0959187494678261,9884.143506983017,33.13967663455026,0.2360303082374914,0,mild,0,,,,1.0542738680075054,1.1307617736707445,34.89,False,False,False
331,483,34.0132429306787,0.05,25.095918749467828,15064.425033619593,57.85888010902925,0.3335650562207792,1,strong,0,,,,0.9886746051092608,0.9314764388627584,13.91,True,False,True
332,327,29.56964870086346,0.1,12.420918749467829,11995.587200209771,33.79995379006389,0.2185723457965899,0,mild,0,,,,1.1058161459989837,1.0843318999323155,28.38,False,False,False
333,450,22.1632550533906,0.15,14.345918749467828,29864.237226656303,37.26975032934784,0.1530070776973354,1,strong,0,,,,0.9558749736601384,0.8794479638215025,21.29,True,False,True
334,982,31.198044857350848,0.25,24.395918749467825,2906737.2761789053,348.01444391594015,0.1448751392411729,2,mild,1,31.2023,641.9806136750175,3.5301199999999997,1.0730165145498611,1.272288986719459,20.08,True,True,True
335,466,11.001190612982326,0.1,6.620918749467827,17053.71168829168,24.249928324310503,0.1318980441134679,1,strong,0,,,,1.1151874692701615,1.2010853535832786,14.2,True,False,True
336,236,10.657090754073511,0.15,4.345918749467827,14409.724747770131,17.89458313306021,0.106148978486855,0,mild,0,,,,1.0847306686388336,1.3603011919456849,27.96,True,False,True
337,730,12.293731627088638,0.15,5.845918749467827,17872.88781591747,21.407456055475507,0.1139153809089968,1,strong,0,,,,0.9558749736601384,0.8831586437898794,17.92,True,False,True
338,527,49.178151058458376,0.1,9.820918749467827,14694.67344552686,47.54701874586373,0.2776287235277611,1,strong,0,,,,1.133930115812517,1.296563803070892,19.24,True,False,True
339,1360,33.95293212205354,0.25,18.195918749467825,2011150.1510990856,289.4787089968134,0.1448751392411729,3,strong,1,33.9462,587.9892019883026,2.95185,1.021474236558383,1.111646910657837,9.13,True,True,True
340,1064,3.1738390767629148,0.1,1.8709187494678263,24628378.29076666,491.3803914740223,0.0711427996478831,2,mild,1,3.1738,415.9980458353847,2.53924,1.0495882063719166,1.1368819241147927,32.86,True,True,True
341,623,19.847609386026814,0.15,0.9459187494678264,15410.662832026375,24.583321966385967,0.1405823186717711,1,strong,0,,,,1.030845559829561,0.9438316289297554,18.59,True,False,True
342,1169,37.66636532569936,0.25,30.345918749467828,6659790.313756602,563.1455159047684,0.1548058511525273,3,strong,1,37.6652,944.2217933863697,3.5850099999999996,1.140958608265676,1.0653949093442434,8.76,True,True,True
343,1103,6.566257939964892,0.15,4.845918749467827,679329.3429400333,96.1383175139976,0.0834303550032252,2,mild,1,6.5664,97.11075852799831,1.28689,1.1714154088972284,1.1925181807084275,32.5,True,True,True
344,276,8.725323477913532,0.05,8.695918749467827,11330.248893898382,25.444897208223303,0.1694891961437145,0,mild,0,,,,1.1573584239904615,1.3421044302414962,20.31,False,False,False
345,716,5.783296511784824,0.1,4.070918749467826,20774.806177151095,19.43511637926242,0.0961659761151556,1,strong,0,,,,0.9441608195711662,0.9771724276349484,15.21,True,False,True
346,547,9.770706445624208,0.15,3.995918749467826,14243.306107289196,17.049331848353756,0.101787879068315,1,strong,0,,,,1.0566166988253,1.1518805186975691,12.67,True,False,True
347,640,48.92683563297127,0.05,48.94591874946783,63927.89622301084,80.1529159839366,0.3781687860332273,1,strong,0,,,,0.9277610038466048,0.941237555581484,21.99,True,False,True
348,701,21.159136114206717,0.15,4.695918749467827,122728.7415714756,72.26686406188793,0.1463968722805013,1,strong,0,,,,0.9301038346643994,0.9329207185795766,16.56,True,False,True
349,336,40.41720932321372,0.05,15.195918749467827,11407.498826707728,57.0901513315506,0.3781687860332273,0,mild,0,,,,0.9722747893846996,1.1080479032519717,33.53,False,False,False
350,1327,36.91124600114839,0.15,1.1459187494678262,30685175.02684629,1454.7229864715514,0.1861122600665755,3,strong,1,36.9107,1305.7699689717106,3.39108,0.9441608195711662,0.8569627670904322,17.91,True,True,True
351,260,10.937097440633888,0.05,7.495918749467827,9650.585656803116,27.246150972770607,0.1965107659461692,0,mild,0,,,,1.0636451912786833,1.0879693192436248,21.58,False,False,False
352,1333,13.567209674647469,0.15,0.7459187494678263,710377.1074395241,140.47311995138315,0.1185113657849943,3,strong,1,13.566,173.75334782579046,1.89354,1.1761010705328172,1.311792516808327,8.74,True,True,True
353,467,8.533239022096136,0.15,0.3459187494678262,30456.718125444902,22.91540594772543,0.0936900396693081,1,strong,0,,,,1.194843717075173,1.361975130850005,11.22,True,False,True
354,1410,20.634698631644596,0.15,1.6959187494678265,6601797.34585232,513.8792599765948,0.1419701412105178,3,strong,1,20.6355,453.47641574454315,2.36984,0.9207325113932217,1.016246186313124,18.28,True,True,True
355,434,15.47504823217473,0.1,1.6709187494678264,19096.79951306735,29.803074223407272,0.1530070776973354,1,strong,0,,,,1.1433014390836949,1.3504115448073453,10.1,True,False,True
356,138,21.84467433359386,0.1,5.2709187494678265,10238.226060195837,25.296029901196736,0.1772148042592244,0,mild,0,,,,0.9207325113932217,1.0019208932613854,24.71,False,False,False
357,94,4.290871676728302,0.05,0.4959187494678262,11650.47595934392,17.62609880024046,0.1161441404389985,0,mild,0,,,,1.1093303922256754,1.2771626125108746,30.2,False,False,False
358,1472,5.837956283926145,0.15,1.2459187494678263,1327129.4051011514,125.69470786209544,0.0781716658562967,3,strong,1,5.839,138.45719221607052,1.38809,0.9816461126558772,1.077251534263727,11.72,True,True,True
359,1471,30.512008570769876,0.25,4.995918749467827,782014.362517651,170.1866472672317,0.1366533436151313,3,strong,1,30.5185,300.8866521306452,2.19681,0.9582178044779328,1.1565070690738828,15.79,True,True,True
360,1308,22.38085527559212,0.15,15.895918749467826,109971.8625752556,71.51902091288353,0.1530070776973354,3,strong,1,22.3792,94.93812286395068,1.1873399999999998,1.136272946630538,1.112786977295507,13.8,True,True,True
361,924,4.0034359522311895,0.1,3.970918749467826,136331385.10021588,1293.3590883010766,0.0793301475927022,2,mild,1,4.0031,1076.1623506842686,3.79467,0.9207325113932217,1.0563123870098703,27.0,True,True,True
362,62,17.70423499417708,0.15,12.695918749467827,13824.189276811454,23.058612004404583,0.1392348326199822,0,mild,0,,,,1.0847306686388336,1.356684923089058,27.81,False,False,False
363,1329,32.2815185732528,0.25,13.345918749467828,4577536.447412023,436.7272436073049,0.1448751392411729,3,strong,1,32.2898,696.2691843609622,2.91049,0.948846481206755,1.0072442112606237,15.27,True,True,True
364,597,4.1071677943499925,0.05,2.095918749467826,12662.529941535122,18.018886061883983,0.1139153809089968,1,strong,0,,,,1.1198731309057504,1.2718141651443684,17.35,False,False,False
365,479,16.625163948053867,0.15,2.7959187494678264,13217.349331189977,19.716631775341632,0.1219091462216003,1,strong,0,,,,1.0531024525987964,1.0571240936330983,16.09,False,False,False
366,1081,15.52775419780948,0.15,15.345918749467828,169195.44559751495,73.87772059233987,0.1276120842139765,2,mild,1,15.5273,87.24675617280427,1.1847,1.0847306686388336,1.1582198397925128,22.87,True,True,True
367,628,3.653721236135696,0.1,2.370918749467826,17893.697577165563,14.219306353979135,0.076212676918218,1,strong,0,,,,0.9324466654821938,0.8552552754562234,20.52,True,False,True
368,486,26.383571281991152,0.15,6.745918749467827,24297.33647237831,36.74033241879064,0.1671315676162189,1,strong,0,,,,1.0894163302746342,1.0921532895076078,17.36,True,False,True
369,1087,4.685211002908051,0.15,3.895918749467826,22201895.02158213,464.2761881146952,0.0708078871476179,2,mild,1,4.6849,464.7430842651262,2.43056,0.948846481206755,1.0295729750728728,20.46,True,True,True
370,287,40.88319735431468,0.1,30.720918749467828,8266.957571267829,34.36559236725808,0.2675504187020754,0,mild,0,,,,0.9043326956686604,0.9141279413633898,20.56,False,False,False
371,918,44.47239160728581,0.25,28.695918749467825,28366.10396560953,39.697539782158856,0.1671315676162189,2,mild,1,44.4707,90.5076163929164,1.46355,1.1714154088972284,1.4048250937486777,22.06,True,True,True
372,1353,28.521401271463063,0.25,4.195918749467826,240658.3351601986,89.56530860405692,0.129701310350135,3,strong,1,20.8269,54.64147820071072,1.03422,1.136272946630538,1.277641376743775,16.63,True,False,False
373,173,3.124535643807728,0.05,0.9459187494678264,11360.088055818162,14.709950021486526,0.0983904074028945,0,mild,0,,,,1.1561870085815644,1.196983770108501,24.1,False,False,False
374,993,10.039131608478664,0.15,4.595918749467827,370365.929284806,86.06578057332727,0.1007806519720537,2,mild,1,10.0379,93.81127915881872,1.08724,1.0894163302746342,1.025073836452966,25.75,True,True,True
375,635,48.876880464888934,0.15,27.845918749467828,114744.96929313095,119.76277034889212,0.2503092147131164,1,strong,0,,,,0.9277610038466048,0.9104270765354484,10.72,True,False,True
376,190,23.93040805364845,0.05,4.595918749467827,10687.00044293892,36.5496245585008,0.2503092147131164,0,mild,0,,,,1.108158976816778,1.1786455678069867,29.58,False,False,False
377,1142,3.233545197486374,0.1,0.4209187494678262,525325.6623456674,72.11965184081429,0.0714827353033349,3,strong,1,3.2335,70.95213476299719,1.27149,1.1843009783950975,1.3784387441154748,15.71,True,True,True
378,639,46.59339180136057,0.1,42.82091874946783,34207.309045480084,72.54421362227217,0.2776287235277611,1,strong,0,,,,0.983988943473672,1.0528999624181266,11.61,True,False,True
379,1229,4.0389022077375385,0.1,1.0709187494678265,11111373.722348573,366.992258565013,0.0788603778083793,3,strong,1,4.0391,349.3360043860596,2.31825,1.0472453755541222,1.1326503149468443,10.85,True,True,True
380,1230,12.42132896087979,0.15,4.795918749467827,18749496.422628388,693.3659340701223,0.1139153809089968,3,strong,1,12.4212,622.1193254486299,2.5038199999999997,0.9441608195711662,0.9166921532634064,19.57,True,True,True
381,408,7.520443754397517,0.15,1.7959187494678264,27131.061483740683,20.58938648147264,0.0892744685253213,1,strong,0,,,,1.016788574922794,1.0976079147027062,19.94,True,False,True
382,953,27.15431405916217,0.25,2.5459187494678264,149449.57210187527,70.58082178181152,0.129701310350135,2,mild,1,27.1528,131.45803578861293,1.74053,1.1936723016662756,1.386261620597344,30.37,True,True,True
383,875,3.33444979373888,0.15,2.245918749467826,9561804.209307622,255.04173607107347,0.0596910034679414,2,mild,1,3.3349,249.58652377506783,2.35301,1.194843717075173,1.3600988163870869,33.14,True,True,True
384,970,9.1244679750914,0.15,5.545918749467827,20454122.131554473,593.8495416603852,0.0936900396693081,2,mild,1,9.1262,559.3898492898032,2.70941,1.096444822727806,1.046103595096365,31.46,True,True,True
385,675,25.342986517081744,0.25,9.345918749467828,18394.3136366636,23.60939312085893,0.123723175277265,1,strong,0,,,,1.0074172516516164,1.0619355989065524,10.51,True,False,True
386,1008,6.5536727278023355,0.1,3.620918749467826,6831567.233225539,371.49893574151946,0.1012804292516761,2,mild,1,6.5542,324.66535884371115,1.74944,0.9816461126558772,0.8866216496852874,31.2,True,True,True
387,614,7.930327110462566,0.15,4.6459187494678265,17597.60025697329,17.054894480327214,0.0917699310249873,1,strong,0,,,,1.1854723938039953,1.42949524112597,21.99,True,False,True
388,1292,16.291349729011515,0.15,12.995918749467828,126668.98713066142,62.91586324475862,0.1256218943859993,3,strong,1,16.2948,76.26105358970314,1.06172,1.0706736837320667,1.1102374018422163,8.32,True,True,True
389,517,37.60718404733649,0.1,33.97091874946783,15289.037854952609,43.71646980108387,0.2503092147131164,1,strong,0,,,,1.194843717075173,1.406651622928195,17.76,True,False,True
390,413,29.39714250249884,0.1,21.720918749467828,13390.56052544767,34.12325552215429,0.208885450791923,1,strong,0,,,,1.065988022096431,1.0980515234578083,14.49,False,False,False
391,38,16.550441911529425,0.05,3.495918749467826,8351.359395984997,28.202261638428592,0.2185723457965899,0,mild,0,,,,0.903161280259804,0.8607330178743947,25.93,False,False,False
392,590,5.306345539514136,0.15,3.745918749467826,20414.95866398932,14.896366154488137,0.0747904647164837,1,strong,0,,,,1.108158976816778,1.204585390156126,14.64,True,False,True
393,82,7.589598193278092,0.05,2.995918749467826,9744.774802226282,21.046242163201097,0.1512701184544283,0,mild,0,,,,1.0613023604607903,1.1193349026853834,27.49,False,False,False
394,551,3.706194410378349,0.25,3.345918749467826,15138.959612447528,8.371844240282618,0.0498011920555997,1,strong,0,,,,0.9781318664291856,0.9188535756377716,11.67,True,False,True
395,1147,11.886221297120532,0.15,5.8959187494678265,241127.61960861555,76.68873094443978,0.1111369461277755,3,strong,1,11.8855,96.32650886050398,1.15753,0.9816461126558772,1.077002226731125,19.86,True,True,True
396,26,12.376369697236402,0.05,4.795918749467827,9672.211613546178,29.652857617232,0.2135635553092116,0,mild,0,,,,1.0472453755541222,1.1700163641126051,22.87,False,False,False
397,1297,39.92839269552255,0.25,13.195918749467827,6054398.839014046,536.9401331803355,0.1548058511525273,3,strong,1,39.9299,935.2141453660104,3.76871,0.9254181730288104,1.1253676908071304,8.44,True,True,True
398,852,9.094133482077895,0.15,6.095918749467827,45573104.89209548,918.6655468072466,0.0970370849565969,2,mild,1,9.0939,759.1874871861676,3.73373,1.0941019919100112,1.23744425707751,27.24,True,True,True
399,1383,12.762418246895791,0.15,4.295918749467827,425917.74693836266,105.8695506816566,0.1153865119569403,3,strong,1,12.761,114.86556341532732,1.21924,0.9219039268021187,1.0388468676517166,19.95,True,True,True
400,1275,8.061877871019988,0.15,1.3459187494678264,26974122.324824024,664.9802452979029,0.091400237831627,3,strong,1,8.0623,606.2100845982419,2.53506,0.9090183573042492,0.9402296018484774,19.47,True,True,True
401,299,5.640535492685863,0.15,3.645918749467826,10526.275266854009,11.031366349978825,0.0770642641465033,0,mild,0,,,,1.1058161459989837,1.2257352423468506,34.53,False,False,False
402,58,44.431114665718766,0.05,21.845918749467828,10983.296250179745,52.400611280260215,0.3537718357117939,0,mild,0,,,,1.065988022096431,0.9795271003308956,22.56,False,False,False
403,1371,5.2843795579293005,0.15,0.5959187494678263,325857.3145751608,59.514093560590375,0.0747904647164837,3,strong,1,5.2844,74.75413371161312,1.22265,1.1468156853103866,1.2913435617107656,13.06,True,True,True
404,35,32.43462403413678,0.05,21.395918749467825,11613.63182191357,48.19467153516782,0.3164720516971595,0,mild,0,,,,1.0683308529142723,1.0690205868410836,23.25,False,False,False
405,1309,8.880716164823692,0.15,8.845918749467828,1807767.6106666764,209.8986255071255,0.096598515294913,3,strong,1,8.8807,235.21604707320503,2.09033,1.0472453755541222,1.2446253316445446,15.54,True,True,True
406,1302,16.26920281864296,0.15,13.495918749467828,383048.70720927586,114.9285696015777,0.1318980441134679,3,strong,1,16.2663,143.2636531424019,1.5669499999999998,1.140958608265676,1.1954856957279558,20.79,True,True,True
407,1041,5.271577285070631,0.15,3.4459187494678263,22336026.539745048,492.7300449243397,0.0747904647164837,2,mild,1,5.2722,484.6596013526086,2.67113,1.1690725780794338,1.1079849735937797,22.48,True,True,True
408,1149,8.020007913338253,0.15,0.2459187494678262,795124.6708934256,113.70512933589,0.0910350932694978,3,strong,1,8.0207,128.10664923169202,1.07591,0.9371323271177828,0.8680552420068448,15.65,True,True,True
409,611,39.92839269552255,0.1,4.120918749467827,11277.08468492077,36.42411076862134,0.2428543932457756,1,strong,0,,,,0.9301038346643994,0.9217771934614968,20.38,False,False,False
410,378,6.035587007228192,0.25,1.6459187494678262,34801.16284876332,16.055727684297608,0.0621669872160209,1,strong,0,,,,0.9558749736601384,0.8736155642781708,20.53,True,False,True
411,235,18.415969223843337,0.05,1.7459187494678263,10644.694108651916,36.47720882388741,0.2503092147131164,0,mild,0,,,,1.0812164224121417,1.190821652709574,30.75,False,False,False
412,1431,40.692059358129185,0.25,29.345918749467828,2779741.4986802,392.9759321638046,0.1671315676162189,3,strong,1,40.686,682.3668216821518,2.8582400000000003,0.9324466654821938,0.9991875120235006,20.98,True,True,True
413,758,3.879184378607223,0.15,3.245918749467826,1133067.5946540502,95.59101365908498,0.0647512177140571,2,mild,1,3.8791,103.44868634632012,1.33661,1.1690725780794338,1.2000503609409805,33.34,True,True,True
414,799,18.08890389647978,0.15,7.095918749467827,13502232.529700248,707.1652468024672,0.1366533436151313,2,mild,1,18.0908,593.4182687521368,2.37996,0.9277610038466048,0.8921676213936129,28.12,True,True,True
415,257,14.241248461102687,0.05,11.595918749467828,10641.346485936085,30.419310923127757,0.208885450791923,0,mild,0,,,,1.0343598060562529,1.1170295716321563,32.53,False,False,False
416,68,3.1602200710160235,0.05,0.0356986784518029,9987.481706491064,11.352883288189629,0.099325482192478,0,mild,0,,,,1.1854723938039953,1.1775536225081653,27.17,False,False,False
417,53,47.970768837149805,0.1,33.120918749467826,10782.416927350609,44.27684994821193,0.3017675832604191,0,mild,0,,,,1.021474236558383,1.1114710995229011,31.62,False,False,False
418,930,37.08280454238294,0.25,36.34591874946783,47549.47024302525,47.58424621408966,0.1548058511525273,2,mild,1,37.081,83.07397550634403,1.03543,1.1093303922256754,1.0373982300905047,31.2,True,True,True
419,1365,38.207499108461974,0.25,23.895918749467825,965533.4125395208,214.4243026093381,0.1548058511525273,3,strong,1,38.2027,393.3797063194981,2.61624,1.136272946630538,1.2045611760168968,20.11,True,True,True
420,1339,6.299267160825653,0.15,3.845918749467826,1307822.752133877,131.18000650642117,0.0820790788283842,3,strong,1,6.2999,144.63442628231053,1.35619,0.9722747893846996,1.0297740773063275,14.06,True,True,True
421,1078,7.493954675051293,0.15,2.995918749467826,25056782.18879062,618.5032683491943,0.0882671677645539,2,mild,1,7.4949,588.959846943734,2.75418,1.096444822727806,1.0363506701165113,34.38,True,True,True
422,1086,10.743190977328725,0.15,4.245918749467827,2157190.4757493967,217.74016553406017,0.105572392253238,2,mild,1,10.7422,203.4771589512897,1.95888,1.1479871007192837,1.254028063349948,23.38,True,True,True
423,1394,36.897021081200755,0.25,26.995918749467823,3138141.36973611,386.5686269225261,0.1548058511525273,3,strong,1,36.9043,632.8928155614851,2.71469,0.9254181730288104,0.9853996784374406,18.72,True,True,True
424,101,36.882807121077995,0.05,2.295918749467826,9992.851343804032,47.12359952249457,0.3335650562207792,0,mild,0,,,,1.096444822727806,1.033060147194224,22.79,False,False,False
425,620,10.212610952369063,0.1,0.0709187494678261,15204.76639996423,21.79791159718935,0.1256218943859993,1,strong,0,,,,1.096444822727806,1.3165963934004374,16.37,True,False,True
426,1062,6.017000599045806,0.15,2.595918749467826,9155359.9122113,336.1980587669388,0.0795683193377147,2,mild,1,6.0164,291.56308435637044,2.44013,1.1433014390836949,1.3049802902520231,22.85,True,True,True
427,1497,17.477996411065106,0.15,16.845918749467824,109014.08491091248,63.54178704131767,0.1366533436151313,3,strong,1,17.4757,89.22964584821453,1.0672199999999998,1.096444822727806,1.0317075928322514,9.09,True,True,True
428,726,3.113764126580807,0.25,0.8959187494678262,116457.83280421606,21.12341338703578,0.0456459239125487,1,strong,0,,,,1.0636451912786833,0.9930611382165712,11.2,True,False,True
429,793,4.777798423273963,0.1,2.0709187494678263,157170731.88308758,1537.3580104768232,0.0876147918034216,2,mild,1,4.778,1278.2950240691866,3.69875,0.903161280259804,0.9447060244907254,30.51,True,True,True
430,805,25.751982968787555,0.15,6.495918749467827,4292002.464831055,452.0852461138936,0.1548058511525273,2,mild,1,25.7503,415.4907592376604,2.20462,0.9301038346643994,0.98766647902239,31.4,True,True,True
431,1343,5.788541393309767,0.15,5.695918749467827,31558325.161384348,620.3689417752321,0.0790941782392435,3,strong,1,5.7891,552.6587835279643,3.31617,1.129244454176928,1.288147229098625,8.31,True,True,True
432,1422,6.0462594576727575,0.1,0.3709187494678262,1531341.8900713322,166.86095954260466,0.0961659761151556,3,strong,1,6.0466,148.05176013644444,1.29459,1.0472453755541222,0.9715892846571116,21.69,True,True,True
433,785,13.213322997233918,0.15,6.595918749467827,3346993.0695034824,309.2383763609963,0.1201737097952954,2,mild,1,13.2124,263.3696888749422,1.7298600000000002,1.0074172516516164,0.9733864963916504,28.99,True,True,True
434,813,37.47470373177211,0.25,36.19591874946783,254543.41654827897,110.09593577297744,0.1548058511525273,2,mild,1,37.4807,197.61137025359056,1.73118,1.0285027290118087,1.1245881870341528,22.42,True,True,True
435,390,34.146683867051145,0.15,23.945918749467825,54282.69632670787,60.15684850273092,0.1829982843991256,1,strong,0,,,,0.9605606352957272,0.8779133065100566,21.72,True,False,True
436,977,23.876696628498056,0.25,18.995918749467823,422579.6530158367,113.16114187645394,0.123723175277265,2,mild,1,23.8812,195.98761230362717,1.89178,1.0941019919100112,1.233995496436421,34.96,True,True,True
437,1325,3.1326120659708323,0.1,2.270918749467826,102275198.17180406,998.9028037963626,0.0709747231786683,3,strong,1,3.1327,859.2371025512103,3.22773,0.9301038346643994,1.0055367409091878,19.69,True,True,True
438,1480,4.981131950156025,0.1,1.8709187494678263,31232999.037146874,695.8681938496538,0.0889347710589736,3,strong,1,4.9815,586.8765796212257,2.40845,0.9301038346643994,0.9078654762708712,21.5,True,True,True
439,243,39.19286143555173,0.05,1.4959187494678263,8087.794313717122,42.39442917731611,0.3335650562207792,0,mild,0,,,,1.1655583318527425,1.0843995193172102,32.44,False,False,False
440,104,22.8400231453283,0.1,0.6709187494678263,10515.507249628694,27.406343438842104,0.1893918594207356,0,mild,0,,,,0.9418179887533716,1.0142015314315298,23.24,False,False,False
441,405,40.06205373835936,0.25,17.245918749467826,24556.71719192547,34.19601563530146,0.1548058511525273,1,strong,0,,,,1.1198731309057504,1.0581096971351798,16.1,True,False,True
442,1074,48.260939510939515,0.25,13.345918749467828,12334.0897420894,26.17684488042543,0.1671315676162189,2,mild,1,48.2551,56.92934760594001,1.14169,1.1690725780794338,1.3817750594622964,30.36,False,True,False
443,1404,13.95886650225676,0.15,10.445918749467827,3226514.070808994,291.3902280813297,0.1153865119569403,3,strong,1,13.9584,360.18926202898643,2.87969,1.1854723938039953,1.3855991665909977,15.34,True,True,True
444,750,15.583356420556864,0.15,15.245918749467828,457341.52514563646,115.97940044599662,0.1219091462216003,2,mild,1,15.5806,163.6308625527863,1.9503,1.194843717075173,1.39227834020187,26.25,True,True,True
445,110,19.424791176534068,0.1,15.920918749467829,8915.469560581452,22.900641604910465,0.171950282562443,0,mild,0,,,,1.0905877456833195,1.0117631607133863,32.42,False,False,False
446,962,5.188444832886152,0.15,1.9459187494678265,984955.2338458447,102.3633096796544,0.0740140588894029,2,mild,1,5.1884,105.30415308526668,1.51184,1.0613023604607903,1.3453656583920746,24.57,True,True,True
447,604,3.8141239173884074,0.25,1.8459187494678264,19938.761741904746,9.675185272432302,0.0501258205581315,1,strong,0,,,,1.159701254808256,1.2872331019323044,13.34,True,False,True
448,1464,4.202352835702139,0.1,3.8209187494678263,10446725.907703524,367.14637860832414,0.0813001578720744,3,strong,1,4.2026,343.06618972305904,1.90179,0.948846481206755,0.93762862143029,14.91,True,True,True
449,686,22.634832647558877,0.15,7.345918749467827,13692.203973405063,25.2358216913467,0.1530070776973354,1,strong,0,,,,0.9301038346643994,0.9776502735703546,10.2,False,False,False
450,834,15.1421899028512,0.25,8.945918749467827,13749755.373402964,504.6039035792948,0.0970370849565969,2,mild,1,15.1431,568.5065388214057,3.1388499999999997,1.0683308529142723,1.2021539447613665,29.95,True,True,True
451,246,8.353800827610788,0.05,2.495918749467826,11064.4032211379,25.511708063205585,0.171950282562443,0,mild,0,,,,1.096444822727806,1.143265601546905,26.51,False,False,False
452,170,21.22480649406393,0.05,16.245918749467826,8772.636548315166,34.20065603330861,0.2584982508792982,0,mild,0,,,,0.9277610038466048,0.942920393867824,31.94,False,False,False
453,1277,13.981289304267852,0.25,10.845918749467828,7004094.759957654,350.54080424089506,0.0944934618692138,3,strong,1,13.9827,446.2781344279937,2.82128,0.9886746051092608,1.2195528954283443,11.15,True,True,True
454,692,4.392853272833593,0.1,3.6709187494678264,22920.82104519252,17.599455245405576,0.0831545834070237,1,strong,0,,,,1.155015593172667,1.1613861307132802,12.92,True,False,True
455,344,49.86978012235127,0.05,22.495918749467823,8773.057930898862,54.07728398905546,0.4084374256560634,0,mild,0,,,,0.903161280259804,0.8287221478144801,35.0,False,False,False
456,523,47.35388209542651,0.15,30.945918749467825,23826.271392438553,47.63579225794156,0.2185723457965899,1,strong,0,,,,0.9816461126558772,0.912706083919762,11.38,True,False,True
457,1077,12.59950440297358,0.15,9.995918749467828,2423766.3811027645,252.55360979105768,0.1153865119569403,2,mild,1,12.5987,234.96041388144985,2.01553,1.0812164224121417,1.2007405391058144,24.85,True,True,True
458,360,14.417097325058712,0.05,9.745918749467828,10337.928721891914,23.325983616527765,0.1626991726110283,0,mild,0,,,,1.091759161092217,1.020453731015706,24.91,False,False,False
459,212,20.475828616151876,0.05,11.045918749467829,10702.417875733694,37.77550860144474,0.2584982508792982,0,mild,0,,,,1.1468156853103866,1.298750929711941,20.01,False,False,False
460,1449,13.599972194685558,0.15,4.595918749467827,1842537.0422474977,227.8210962450486,0.1193337237508642,3,strong,1,13.5988,222.6720393171496,1.92951,1.103473315181189,1.1807866825956237,20.69,True,True,True
461,925,8.602242010162454,0.15,8.195918749467827,953010.643838266,131.6338339926511,0.0961659761151556,2,mild,1,8.6023,129.95682410487763,1.4999600000000002,1.0097600824694108,1.2015376638231734,29.01,True,True,True
462,465,5.606842569564546,0.05,4.6459187494678265,15992.280135879557,23.483141521525283,0.1318980441134679,1,strong,0,,,,1.1854723938039953,1.4029800674465571,19.42,True,False,True
463,600,3.310811705654613,0.15,1.7959187494678264,13362.912170235666,9.550623934815505,0.0597879461584012,1,strong,0,,,,1.1468156853103866,1.088583560006185,12.04,False,False,False
464,443,3.740657396731554,0.1,0.0709187494678261,11783.11189704938,11.577180412617672,0.0764228213522802,1,strong,0,,,,1.0941019919100112,1.243334322029319,15.3,False,False,False
465,1486,3.336657743899274,0.1,0.0709187494678261,2991117.0271620136,175.6702262536639,0.0732623123591778,3,strong,1,3.3378,181.0651702126304,1.86571,1.140958608265676,1.2661464352921736,13.79,True,True,True
466,1357,11.927684017165834,0.15,7.645918749467827,397169.49309275014,99.64555849268322,0.1125,3,strong,1,11.9284,127.38660378178722,1.51085,1.1561870085815644,1.2224095249901392,11.86,True,True,True
467,945,10.41706696545354,0.15,5.195918749467827,236394.05021843791,67.42432370649077,0.0988545535543052,2,mild,1,10.4166,75.6776435835907,1.28414,1.1690725780794338,1.3479873904964543,33.09,True,True,True
468,43,37.91997775287148,0.05,37.04591874946782,9157.206025381422,47.84664571676221,0.3537718357117939,0,mild,0,,,,1.140958608265676,1.1409608017378123,27.36,False,False,False
469,210,5.515434538802376,0.1,2.770918749467826,10770.089580918642,13.510880474714112,0.092907263154642,0,mild,0,,,,1.108158976816778,1.269370396486115,21.6,False,False,False
470,1204,3.4883802058057887,0.1,0.6209187494678263,12028399.123401796,357.7173364573583,0.0740140588894029,3,strong,1,3.4887,305.9779666705077,2.1341099999999997,0.9968745129715414,1.1141123273782405,13.89,True,True,True
471,776,6.502927137330503,0.15,2.7959187494678264,35087480.29449581,681.7146311600573,0.0823439093093264,2,mild,1,6.5031,616.3146512074645,2.9034500000000003,0.9863317742915458,1.0679978081913533,24.77,True,True,True
472,1160,34.98262471721436,0.25,1.1959187494678265,22707.8713817536,30.75973516747285,0.1448751392411729,3,strong,1,34.9795,60.7840077481409,1.15786,1.1843009783950975,1.3561840769210236,18.74,True,True,True
473,1260,3.2740158889649615,0.1,2.220918749467826,21567711.36527205,466.7501155396572,0.0721781824614862,3,strong,1,3.2735,434.9956667895973,2.62526,1.1878152246217897,1.1494421323865198,11.86,True,True,True
474,343,30.10899820678211,0.1,0.8209187494678263,11065.385138194826,31.019468134081364,0.208885450791923,0,mild,0,,,,0.9816461126558772,1.0766119205246558,25.81,False,False,False
475,969,8.934584746368467,0.15,8.795918749467827,43860994.57763821,897.1002682715078,0.096598515294913,2,mild,1,8.9351,808.0034097338837,3.2912000000000003,1.096444822727806,1.057316314669658,28.78,True,True,True
476,30,41.9398283205801,0.1,18.120918749467823,10276.717190403057,34.7710447328251,0.2428543932457756,0,mild,0,,,,1.1198731309057504,1.1405128284110646,22.02,False,False,False
477,179,41.32435187481059,0.05,40.69591874946783,9681.106757985131,52.5930651538914,0.3781687860332273,0,mild,0,,,,0.948846481206755,0.915726335816137,22.08,False,False,False
478,1476,3.234637654593878,0.25,0.1459187494678261,380576.7779720594,38.84124192745391,0.0464260657888476,3,strong,1,23.0687,89.34560862915421,1.21715,1.0355312214651498,1.1758847377557953,10.32,True,False,False
479,766,12.681277864514348,0.15,1.0459187494678264,8294374.724953267,458.2402974990103,0.1132009427427743,2,mild,1,12.6812,397.286843558952,2.13488,1.0437311293274305,0.978089581664184,32.67,True,True,True
480,647,4.134303181314532,0.25,1.6959187494678265,523333.8771207602,51.80505257611617,0.0522331903733827,1,strong,0,,,,1.1151874692701615,1.108535893106419,14.03,True,False,True
481,528,10.952110907205755,0.1,2.8209187494678263,14757.47876628345,22.179178498675626,0.129701310350135,1,strong,0,,,,0.9219039268021187,0.988178501034468,9.58,True,False,True
482,577,39.72956507919691,0.1,37.42091874946782,20220.841685504427,51.92410061555161,0.2584982508792982,1,strong,0,,,,0.9722747893846996,1.0638544818957325,11.13,True,False,True
483,1058,12.30321042472098,0.15,9.995918749467828,20432200.379581597,714.7062399962241,0.1125,2,mild,1,12.3053,597.9566972058789,3.26788,1.140958608265676,1.220361474904668,33.94,True,True,True
484,1251,12.60116270603588,0.15,7.545918749467827,521477.79830176977,117.9240205445037,0.1161441404389985,3,strong,1,12.6009,131.40678295490898,1.53868,1.1058161459989837,1.2257352423468506,16.0,True,True,True
485,133,9.098454626516206,0.1,6.870918749467827,12172.000841151144,18.78328029349748,0.1210319607760169,0,mild,0,,,,1.1690725780794338,1.119341105057597,29.15,False,False,False
486,706,40.95314803691367,0.15,15.745918749467828,30578.25716309895,49.459686341988814,0.2003869223968956,1,strong,0,,,,1.0636451912786833,1.29521597871248,20.49,True,False,True
487,1442,23.996384424227557,0.15,13.445918749467827,64810.575457999286,56.925642490005885,0.1586041597913043,3,strong,1,23.9904,77.39656762861313,1.07668,0.9207325113932217,1.1175914001326612,16.61,True,True,True
488,135,47.755420420898474,0.05,5.345918749467827,13507.727265018835,62.12367219625896,0.3781687860332273,0,mild,0,,,,1.0683308529142723,1.2694607775943196,24.25,False,False,False
489,1134,18.865950854656063,0.25,1.3459187494678264,111133.150707583,49.6953274592252,0.106148978486855,3,strong,1,18.8684,86.06010712490396,1.31516,1.096444822727806,1.2945979240787746,12.86,True,True,True
490,249,6.074647759932718,0.05,1.7959187494678264,9135.1312665322,18.39397170424996,0.1366533436151313,0,mild,0,,,,0.983988943473672,1.0482835246434126,26.68,False,False,False
491,789,7.402408330454524,0.15,3.645918749467826,7865061.171213811,349.19755567162247,0.0889347710589736,2,mild,1,7.4011,306.18412768961514,2.26996,1.0472453755541222,1.184633810224764,23.6,True,True,True
492,1170,5.501805875146415,0.15,3.7959187494678264,72485889.58961807,902.4678374524808,0.0760043242999066,3,strong,1,5.5016,802.5736154086419,3.87233,1.1058161459989837,1.248208620477761,11.51,True,True,True
493,664,5.542895434103247,0.25,4.845918749467827,158387.80956076027,33.1649716443711,0.0602803527713015,1,strong,0,,,,0.9441608195711662,0.9445788187169676,14.95,True,False,True
494,1090,4.8472212647145,0.1,1.3209187494678265,45417857.64785544,780.7916963733518,0.0828816163331773,2,mild,1,4.8472,681.2196192442277,2.75891,0.9277610038466048,0.9652753495349776,31.54,True,True,True
495,18,3.484698180229951,0.05,0.1959187494678262,9157.443186785658,14.03332683583661,0.1044473848444829,0,mild,0,,,,1.0343598060562529,1.1137438636982415,32.38,False,False,False
496,199,42.668784373222074,0.15,34.04591874946782,11471.882401861416,32.293937514171596,0.2135635553092116,0,mild,0,,,,1.194843717075173,1.3768320752275836,27.68,False,False,False
497,735,3.1725770221622467,0.25,0.8959187494678262,29662.44549091107,10.785328722418786,0.0461333773024496,1,strong,0,,,,0.9418179887533716,1.0129885359274835,21.33,True,False,True
498,1036,4.525323043411363,0.15,2.345918749467826,4830000.926268703,211.47631261865791,0.0692045665447833,2,mild,1,4.5256,205.349301684308,1.79718,1.065988022096431,1.1452550557349963,22.59,True,True,True
499,213,32.368829935691785,0.05,17.445918749467825,8789.384665675247,44.194983791967566,0.3335650562207792,0,mild,0,,,,1.0636451912786833,0.998001423223508,21.61,False,False,False
500,398,8.018664509277013,0.05,2.5459187494678264,14588.059435481102,26.6760689643231,0.1566701870842482,1,strong,0,,,,0.9675891277491108,1.1637246053236587,15.49,True,False,True
501,1426,35.66017101603176,0.25,18.045918749467827,2507653.94532541,323.24229465715865,0.1448751392411729,3,strong,1,35.6548,605.9582288260539,3.14501,0.9219039268021187,1.166696628510992,9.74,True,True,True
502,533,17.59685435966823,0.15,8.595918749467828,27050.761378624917,31.65248886043845,0.1366533436151313,1,strong,0,,,,1.0566166988253,1.158272732960388,15.0,True,False,True
503,444,38.9695248157546,0.1,19.920918749467827,13150.15160973163,39.33289539264084,0.2428543932457756,1,strong,0,,,,1.1854723938039953,1.3606717596785471,15.26,False,False,False
504,311,8.660602759552482,0.1,4.720918749467827,10679.48113355019,16.98925028455012,0.116917138035187,0,mild,0,,,,0.9254181730288104,0.9998618135397156,26.97,False,False,False
505,774,3.821431301113347,0.1,0.6709187494678263,91862656.9789612,1033.523308874996,0.0772818370681184,2,mild,1,3.8218,963.3037891562402,2.98199,0.983988943473672,0.8773680280909079,22.68,True,True,True
506,1047,29.16431724057475,0.15,26.795918749467827,149214.96154564954,92.3394240353489,0.1694891961437145,2,mild,1,29.1608,108.10596071452264,1.13069,1.0636451912786833,0.9930611382165712,25.33,True,True,True
507,673,3.5676738942220787,0.25,1.9959187494678263,187954.92952841715,28.7117349876637,0.0485693845151742,1,strong,0,,,,0.9183896805754272,0.893903935172309,16.21,True,False,True
508,1429,41.82988612595863,0.25,8.345918749467828,39923.453591264704,43.60179856014282,0.1548058511525273,3,strong,1,41.82,129.65630306507992,1.62129,1.136272946630538,1.300232875888303,8.85,True,True,True
509,972,5.8911206070413025,0.15,4.8959187494678265,11480826.135871315,375.3252354185358,0.0793301475927022,2,mild,1,5.8919,351.4730963559567,2.29669,1.1198731309057504,1.118699880469779,27.22,True,True,True
510,1223,6.168978054157209,0.15,4.8959187494678265,4050420.909256794,229.3531533495603,0.081557245341977,3,strong,1,6.1695,221.34812896598697,1.82743,0.9019898648510196,1.121657019357031,19.81,True,True,True
511,705,7.668011737561219,0.15,6.495918749467827,16673.59865679943,16.140786195612982,0.0892744685253213,1,strong,0,,,,1.1468156853103866,1.250510767781995,17.42,True,False,True
512,496,27.94694871253432,0.15,27.845918749467828,29760.7914887449,42.46980495188579,0.1745226094445269,1,strong,0,,,,0.9781318664291856,1.1257008299547837,20.72,True,False,True
513,499,42.611812388140265,0.1,37.57091874946783,45877.64506408616,78.21137603877155,0.2584982508792982,1,strong,0,,,,1.173758239715023,1.1548931266583382,14.72,True,False,True
514,1470,8.470576940815048,0.15,1.8459187494678264,17165276.372342244,546.3758281677112,0.0940891139548072,3,strong,1,8.4701,463.85419545312305,2.94096,1.1468156853103866,1.2469689201273897,16.75,True,True,True
515,225,5.063857370014889,0.05,1.3959187494678262,9527.539092480623,17.121771199248162,0.1246615419043813,0,mild,0,,,,1.0706736837320667,0.9890201816425208,23.76,False,False,False
516,1148,31.036230834488613,0.25,4.295918749467827,68880.64771113828,50.50876261019001,0.1366533436151313,3,strong,1,31.0412,105.97046749712376,1.4301099999999998,1.096444822727806,1.2686279466109731,20.88,True,True,True
517,357,9.546626215909452,0.05,3.0459187494678264,8993.41325903309,23.346420475788335,0.1745226094445269,0,mild,0,,,,0.9558749736601384,0.9946256743661436,20.06,False,False,False
518,1493,14.275222780208171,0.15,9.795918749467829,1097344.3625447468,178.345403563735,0.1210319607760169,3,strong,1,14.2757,187.5878073155818,1.55111,1.096444822727806,1.0341833706233932,19.07,True,True,True
519,1276,17.872789161579373,0.15,7.345918749467827,1932446.170341392,262.7088400778507,0.1342118068900777,3,strong,1,17.8724,310.0315744574416,2.32903,1.1561870085815644,1.2078955344346112,14.56,True,True,True
520,325,17.75347881150306,0.05,13.245918749467828,11487.775052526851,33.0767866414857,0.2185723457965899,0,mild,0,,,,1.103473315181189,1.2586597375017905,20.15,False,False,False
521,289,9.313528661787595,0.05,9.145918749467826,9101.307096780043,22.805146157053528,0.1694891961437145,0,mild,0,,,,0.9090183573042492,0.9489695656458794,32.73,False,False,False
522,244,14.040750737163986,0.05,4.745918749467827,9081.14480993715,30.134937879373755,0.2239526708070477,0,mild,0,,,,1.0613023604607903,0.9692971044349776,33.92,False,False,False
523,916,23.11016727183085,0.15,19.395918749467825,562906.723230808,167.7657180759538,0.1586041597913043,2,mild,1,23.1099,153.11602325143724,1.16721,0.9277610038466048,0.8613822833964364,28.46,True,True,True
524,908,18.73672770879656,0.15,12.595918749467828,56955454.91660404,1509.376757693109,0.1419701412105178,2,mild,1,18.7359,1222.510654999294,3.83394,0.9418179887533716,1.0013277256311135,22.34,True,True,True
525,544,3.3583100420549066,0.15,0.7459187494678263,11700.227885034696,8.952013581187861,0.0598853958576391,1,strong,0,,,,1.1690725780794338,1.333553849936101,19.02,False,False,False
526,636,40.7093616559311,0.1,27.620918749467823,18322.717642319894,55.26107376553568,0.2889427981985323,1,strong,0,,,,1.030845559829561,1.0081854707138025,21.82,True,False,True
527,411,14.811882817643186,0.15,7.1459187494678265,17894.156590888924,23.464642199825104,0.1246615419043813,1,strong,0,,,,1.016788574922794,1.0513537022643988,13.59,True,False,True
528,980,40.502700270027006,0.25,13.845918749467828,142263.04665051578,82.30693040614321,0.1548058511525273,2,mild,1,40.5089,178.2991888686735,1.96394,1.0905877456833195,1.34310754192107,21.57,True,True,True
529,1478,43.72097316414372,0.25,5.195918749467827,4377049.351119854,456.54235453230154,0.1548058511525273,3,strong,1,43.728,785.8559531849427,3.2321299999999997,1.103473315181189,1.0528696392462555,11.95,True,True,True
530,349,37.56291998831337,0.05,11.745918749467828,11093.624080332624,44.91127430902486,0.3017675832604191,0,mild,0,,,,0.9675891277491108,1.113347380344328,33.59,False,False,False
531,665,39.017168126246425,0.1,30.820918749467825,20852.642961497095,49.530315092045434,0.2428543932457756,1,strong,0,,,,1.1714154088972284,1.4186351123071113,11.42,True,False,True
532,151,49.74023677141941,0.05,47.94591874946783,12644.146404059486,64.92084001320245,0.4084374256560634,0,mild,0,,,,0.9043326956686604,1.0148250087240085,25.1,False,False,False
533,295,5.280008166684855,0.1,2.5709187494678263,11809.392753205677,13.91389961554878,0.091400237831627,0,mild,0,,,,1.1761010705328172,1.354508049337772,26.17,False,False,False
534,1261,26.963131183001877,0.25,4.495918749467827,401488.30118039506,115.68467215962464,0.129701310350135,3,strong,1,26.9644,221.10941882774247,2.01619,1.103473315181189,1.2381837236639877,10.36,True,True,True
535,1173,4.523398814226866,0.1,1.7209187494678264,45687447.767745584,793.8335425945507,0.0839905049435063,3,strong,1,4.5234,696.0597027738438,2.49997,0.9511893120245496,0.8653041909891679,11.61,True,True,True
536,414,36.008882487096386,0.05,16.995918749467826,12172.66743368241,49.34099195128207,0.3164720516971595,1,strong,0,,,,1.0355312214651498,1.2312615488589786,16.2,False,False,False
537,1095,42.25449321088512,0.25,3.595918749467826,1488041.829955053,266.1937917378322,0.1548058511525273,2,mild,1,42.2593,492.06974575543825,2.39019,0.9019898648510196,0.983957519697122,22.56,True,True,True
538,1232,7.187351755928566,0.15,5.095918749467827,27352609.274646938,618.509479207221,0.0845624643089311,3,strong,1,7.1881,539.8583399739557,3.56972,1.1854723938039953,1.4029800674465571,18.57,True,True,True
539,1020,48.45634476223294,0.25,22.995918749467823,2379795.577485349,363.6081206681896,0.1671315676162189,2,mild,1,48.4506,619.0038990234608,2.64132,0.9441608195711662,0.9694637696630932,25.94,True,True,True
540,1088,31.777928433719627,0.15,2.595918749467826,848359.7975764893,237.81782910125264,0.1829982843991256,2,mild,1,31.7783,285.8458133733487,1.90707,1.096444822727806,1.0300492077278107,28.08,True,True,True
541,997,11.58981504614188,0.15,7.095918749467827,5052026.665327001,351.027296045409,0.1111369461277755,2,mild,1,11.5907,304.48739673816715,2.18218,1.0894163302746342,1.1419922757977845,32.8,True,True,True
542,641,42.4418056289142,0.1,11.220918749467828,18462.769205852597,46.60569165677286,0.2428543932457756,1,strong,0,,,,1.0730165145498611,1.2249970243334032,15.59,True,False,True
543,1085,6.1673885036046165,0.15,3.895918749467826,305144.9432349489,61.002293363021664,0.0790941782392435,2,mild,1,6.1671,70.0978995493403,1.20241,1.1843009783950975,1.3114668972139492,30.11,True,True,True
544,482,48.23662461007429,0.1,19.920918749467827,15547.497075493333,47.12824005609334,0.2675504187020754,1,strong,0,,,,1.133930115812517,1.219619719951349,14.94,True,False,True
545,1019,17.58392697347083,0.15,16.445918749467825,29231155.920824084,987.102762648079,0.129701310350135,2,mild,1,17.5795,870.465329597452,3.67598,1.0495882063719166,1.1377704673923952,30.01,True,True,True
546,1395,12.171823183497704,0.15,2.5459187494678264,86219479.6985497,1486.861086217002,0.1139153809089968,3,strong,1,12.1725,1284.793911504976,3.5281400000000005,0.9043326956686604,0.8988481543855872,18.0,True,True,True
547,838,22.758584065425524,0.15,8.645918749467826,45739357.596264355,1458.5650418207608,0.1530070776973354,2,mild,1,22.7603,1188.2187597831307,3.50966,1.016788574922794,0.9297669394810636,33.0,True,True,True
548,192,43.70101681088483,0.1,14.970918749467828,9797.71608414001,36.14363214387842,0.2584982508792982,0,mild,0,,,,1.0343598060562529,1.114130415369383,23.04,False,False,False
549,1199,3.075258176529804,0.1,1.4709187494678264,72143207.33937857,826.9352275211381,0.0699917964269063,3,strong,1,3.0752,754.9255128972388,2.78157,0.9043326956686604,0.924475057444265,16.41,True,True,True
550,1116,32.65588260907428,0.25,17.345918749467824,5472249.148498995,477.5043258311469,0.1448751392411729,2,mild,1,32.6565,780.9404346845494,3.28515,0.995703097562644,1.0735036001596454,34.27,True,True,True
551,136,14.480331835909848,0.05,13.195918749467827,12925.345520545688,34.27873117486554,0.2135635553092116,0,mild,0,,,,0.9968745129715414,1.2457918440007525,33.96,False,False,False
552,279,41.235360958891555,0.15,18.795918749467827,11060.304136788483,29.74599688938124,0.2003869223968956,0,mild,0,,,,1.0730165145498611,1.066425711203939,34.59,False,False,False
553,141,13.2885150918267,0.05,12.445918749467827,10861.283836635166,30.732059222499743,0.208885450791923,0,mild,0,,,,1.1936723016662756,1.3863982481318544,25.85,False,False,False
554,989,7.4392195502593905,0.15,5.745918749467827,5380442.38128018,288.82124460932096,0.0889347710589736,2,mild,1,7.4391,254.50688017029915,2.22233,1.103473315181189,1.272084735499216,30.46,True,True,True
555,1125,17.497161476965193,0.15,14.995918749467828,66934867.94195839,1574.5060123846768,0.1366533436151313,3,strong,1,17.4956,1322.5345603714825,3.60547,0.9558749736601384,0.9053481683867524,16.92,True,True,True
556,1066,7.173350592458804,0.15,2.9459187494678263,16319408.084449602,489.8890643396247,0.0866635473106224,2,mild,1,7.1733,404.50619155604824,3.10596,1.1936723016662756,1.4102318778856704,26.38,True,True,True
557,1377,7.271967730779549,0.15,2.5459187494678264,238652.8999963311,59.90630528983293,0.0876147918034216,3,strong,1,7.2713,65.36356319008858,1.01959,1.0472453755541222,1.1516352875127471,10.97,True,True,True
558,780,3.0431965720291156,0.1,2.6709187494678264,26384833.036067296,502.48028870447155,0.0703146726900036,2,mild,1,3.0435,466.4907700518268,2.17294,0.9043326956686604,0.9187206178630278,32.98,True,True,True
559,1154,3.558391996039773,0.15,1.1459187494678262,802357.628120088,76.6686237106525,0.0618394056324471,3,strong,1,3.558,93.0855968503589,1.43462,1.1093303922256754,1.357853428191987,21.71,True,True,True
560,1379,3.5159225814920356,0.15,2.095918749467826,120508226.11903454,932.7890948356402,0.0614110789668288,3,strong,1,3.5159,993.5986945425806,3.64892,0.983988943473672,1.0571000458921316,20.38,True,True,True
561,51,31.936933100540816,0.05,14.795918749467829,9048.05860953926,40.55985164384574,0.3017675832604191,0,mild,0,,,,0.9066755264864548,0.8756879839057834,29.95,False,False,False
562,731,48.091248169799826,0.15,7.745918749467827,20426.73741737119,43.09264587898874,0.2135635553092116,1,strong,0,,,,0.903161280259804,0.8816866133227489,11.18,True,False,True
563,866,3.768040093283035,0.1,3.470918749467826,727223.1977846639,92.2254546045375,0.0775013350930924,2,mild,1,3.7684,87.46389733789906,1.05974,1.096444822727806,1.0347660477005085,31.41,True,True,True
564,169,4.484414644792625,0.05,2.9459187494678263,11173.452173792884,17.74105779417162,0.1193337237508642,0,mild,0,,,,1.0613023604607903,1.135270934978807,31.01,False,False,False
565,800,5.069219685900679,0.15,4.745918749467827,604237.3075587865,79.75207026243972,0.0736351845700174,2,mild,1,5.069,87.53091793676734,1.09219,0.9277610038466048,1.0660429693867486,34.85,True,True,True
566,1130,17.535617975776656,0.25,1.6459187494678262,1633438.4641439533,184.4721334050187,0.1028265932075778,3,strong,1,17.5363,322.674811468489,2.7049000000000003,1.1690725780794338,1.3750735784389505,17.25,True,True,True
567,384,40.26423164337229,0.1,0.0709187494678261,103021.36008543834,97.68762208129958,0.2503092147131164,1,strong,0,,,,1.1690725780794338,1.1339266261413372,8.09,True,False,True
568,724,17.054576463899945,0.15,4.845918749467827,47085.755769714546,40.64642396808719,0.1330396562549454,1,strong,0,,,,1.1843009783950975,1.323384643412242,8.12,True,False,True
569,396,37.96508782883081,0.1,23.870918749467823,20954.231499099715,51.178891521675794,0.2503092147131164,1,strong,0,,,,1.1714154088972284,1.3817669542923208,14.62,True,False,True
570,261,41.44958641145152,0.1,22.170918749467827,12700.66261803788,42.59554406279384,0.2675504187020754,0,mild,0,,,,1.194843717075173,1.3680577346779932,21.5,False,False,False
571,757,3.28502482466508,0.15,2.5459187494678264,1065042.2398137443,85.1186542707026,0.0596910034679414,2,mild,1,3.2854,93.23985714254484,1.41603,1.0905877456833195,1.339149028591346,29.5,True,True,True
572,574,3.8101774077736983,0.1,2.6709187494678264,11702.89912867827,11.631579065002889,0.0770642641465033,1,strong,0,,,,0.9781318664291856,0.9273521643651558,8.67,False,False,False
573,704,15.72928646082753,0.25,4.545918749467827,32479.990558805184,25.236135995365306,0.0998033593156288,1,strong,0,,,,1.0847306686388336,1.0742541423270249,15.72,True,False,True
574,1073,21.740506329113924,0.25,3.145918749467826,525341.8704761143,116.06164039501776,0.1139153809089968,2,mild,1,21.743,211.0672256610346,2.01289,1.0730165145498611,1.2652224733001851,33.53,True,True,True
575,540,4.051207164933743,0.1,2.8209187494678263,32857.564307115026,20.32984740933836,0.0802963946395524,1,strong,0,,,,0.9558749736601384,1.071531591106544,12.8,True,False,True
576,710,9.847080680915504,0.15,2.9459187494678263,17817.590904467,19.166977026634267,0.1023031988500929,1,strong,0,,,,0.9043326956686604,1.0463706256720773,20.09,True,False,True
577,1342,5.920263236834212,0.15,1.7459187494678263,18192583.487355553,469.5914857438298,0.0788603778083793,3,strong,1,5.92,424.96770379496314,2.67938,1.0531024525987964,1.18689856310924,19.03,True,True,True
578,1096,33.67823490229244,0.25,14.795918749467829,3023710.3508491255,354.9477867030309,0.1448751392411729,2,mild,1,33.681,429.0323189584717,2.13488,1.030845559829561,0.9412082390886132,20.36,True,True,True
579,1358,33.280206492075344,0.15,4.495918749467827,99018.33737942654,82.63686134984528,0.1861122600665755,3,strong,1,33.2776,101.27624567081092,1.00034,0.9043326956686604,0.9077183063844484,15.97,True,True,True
580,607,10.298294316754053,0.1,3.370918749467826,25815.15008836745,28.857352218180225,0.1276120842139765,1,strong,0,,,,1.194843717075173,1.4230638648009912,16.24,True,False,True
581,932,4.079169344655067,0.15,0.1959187494678262,54305310.15322506,674.1199758707585,0.0659115403451056,2,mild,1,4.079,634.93194741893,3.31716,1.0683308529142723,1.2021539447613665,28.11,True,True,True
582,1306,3.2898786798519652,0.1,2.520918749467826,3360544.1286739376,184.7084169058832,0.0723553852114389,3,strong,1,3.2903,175.2935581385809,1.3955700000000002,0.9277610038466048,0.9625557721824648,21.23,True,True,True
583,912,14.307221254244617,0.15,0.1959187494678262,52874490.498136,1265.8030209405822,0.123723175277265,2,mild,1,14.3091,1037.979435761639,3.73868,0.995703097562644,1.059695709445718,28.22,True,True,True
584,230,12.666178767961943,0.05,12.195918749467827,9206.34677291006,29.610723239281725,0.2185723457965899,0,mild,0,,,,0.9019898648510196,0.8357444665144614,23.44,False,False,False
585,359,21.63732707593032,0.05,21.545918749467827,9759.2813606912,37.3387607122587,0.2675504187020754,0,mild,0,,,,1.065988022096431,1.0738739823623904,24.76,False,False,False
586,252,4.857303847436715,0.1,1.7209187494678264,12041.48498238082,13.356360661098725,0.0869770764071256,0,mild,0,,,,1.1761010705328172,1.3694836781467747,28.06,False,False,False
587,1262,4.557202392104637,0.15,0.2959187494678262,5798663.147875058,231.71388703158803,0.0692045665447833,3,strong,1,4.5569,232.03392546543105,2.08692,1.112844638452367,1.2510864296820376,17.01,True,True,True
588,1441,12.533528305828286,0.15,10.545918749467829,11136967.750624564,541.3668799443187,0.1153865119569403,3,strong,1,12.5353,467.6635549638809,2.59897,1.1573584239904615,1.0974677299347806,19.49,True,True,True
589,16,17.49076845337583,0.1,11.020918749467826,11441.607980816758,25.21199888591052,0.1671315676162189,0,mild,0,,,,1.0542738680075054,0.9853066982554612,31.93,False,False,False
590,1075,6.254821585691828,0.1,6.0209187494678265,55754628.54911042,1035.4730296705943,0.0988545535543052,2,mild,1,6.255,844.2307743260793,3.05657,0.9441608195711662,0.9606407660314792,26.38,True,True,True
591,435,24.418680370525127,0.1,0.2709187494678262,40547.88216095006,52.88105205338124,0.1861122600665755,1,strong,0,,,,1.0941019919100112,1.2152278234580087,8.15,True,False,True
592,1355,3.0104707663509136,0.1,2.4209187494678264,828607.8038879825,86.98962326654043,0.0687453921394543,3,strong,1,3.0102,92.05400868417212,1.10418,0.9863317742915458,1.0509348155881548,21.87,True,True,True
593,372,48.67807574561071,0.05,32.745918749467826,13808.110872226493,67.8432282845937,0.4084374256560634,0,mild,0,,,,1.016788574922794,1.1389958403827227,28.68,False,False,False
594,456,27.8899611386921,0.1,22.270918749467825,16257.061871149286,38.44365637603976,0.2135635553092116,1,strong,0,,,,0.9043326956686604,1.0541433121020376,16.2,True,False,True
595,1336,10.520083508868726,0.15,3.995918749467826,5388515.352246483,338.5989704853737,0.1038984620604907,3,strong,1,10.5203,353.49476180624055,2.84493,1.1690725780794338,1.3817750594622964,10.76,True,True,True
596,965,42.87899145250279,0.25,23.795918749467827,2021772.961868209,335.14283537588767,0.1671315676162189,2,mild,1,42.8681,655.1675222107372,3.30572,1.0613023604607903,1.1793620288588915,25.96,True,True,True
597,9,45.90091192851459,0.05,9.345918749467828,13056.531380215702,61.0773078745657,0.3781687860332273,0,mild,0,,,,1.1936723016662756,1.3916484807890928,23.44,False,False,False
598,601,3.839822850267517,0.05,2.995918749467826,18263.516802879098,20.72992540089247,0.1091836894783622,1,strong,0,,,,0.9769604510202644,1.0145098138468942,10.87,True,False,True
599,702,32.80132667565696,0.1,0.7709187494678262,21682.930006192008,44.39792174312177,0.2135635553092116,1,strong,0,,,,1.194843717075173,1.4142918069078991,19.03,True,False,True
600,1258,6.841204274526915,0.1,2.270918749467826,98362294.50677764,1424.1097382335038,0.1023031988500929,3,strong,1,6.8405,1239.1180179267974,3.2461,0.9043326956686604,0.8420983464081163,21.6,True,True,True
601,241,31.630945937396753,0.05,22.095918749467828,13842.586008202052,55.46287248281413,0.3335650562207792,0,mild,0,,,,1.1936723016662756,1.4204454610208976,29.48,False,False,False
602,291,13.841816599044575,0.1,9.370918749467826,10141.891526439886,20.99885248049013,0.1479680869077668,0,mild,0,,,,0.9558749736601384,0.9946256743661436,34.32,False,False,False
603,85,41.793366707223065,0.1,20.420918749467827,8605.990482444886,36.386790676847994,0.2776287235277611,0,mild,0,,,,0.9219039268021187,0.9662004631855672,24.13,False,False,False
604,816,22.137631784795367,0.25,20.495918749467823,29165.19945204206,28.463036191232145,0.1185113657849943,2,mild,1,22.1388,62.14551312498847,1.19713,1.1936723016662756,1.386735652068645,26.8,True,True,True
605,1122,3.9523679865088015,0.15,2.9459187494678263,17777145.567505978,382.5100721394341,0.0653877651484999,2,mild,1,3.9528,349.0058078823336,2.8094,1.1714154088972284,1.373265491523353,26.91,True,True,True
606,938,3.0756533418087493,0.1,0.7209187494678263,20451330.34352453,441.3327256166643,0.0701526506632401,2,mild,1,3.0754,405.1750160150234,2.16722,1.021474236558383,0.9831933372708964,24.26,True,True,True
607,445,35.59388397589027,0.15,29.595918749467828,27432.924144104767,46.84692019256316,0.2003869223968956,1,strong,0,,,,1.0812164224121417,1.2112706537787012,13.33,True,False,True
608,743,28.14411518206722,0.15,3.645918749467826,27006.17564915096,38.73426250258933,0.1671315676162189,1,strong,0,,,,1.091759161092217,1.020453731015706,20.63,True,False,True
609,358,30.1564164940992,0.05,5.6459187494678265,12018.097857990677,46.74514628763986,0.3017675832604191,0,mild,0,,,,1.0495882063719166,1.139096657363004,29.52,False,False,False
610,1278,4.421049218725439,0.1,4.170918749467827,1001239.804095326,116.31967857121091,0.0831545834070237,3,strong,1,4.4208,108.85291968451696,1.1979,1.000388759198233,1.0484742760947012,12.92,True,True,True
611,1257,8.599151522100556,0.15,1.4459187494678265,28569645.71043099,701.8405078475497,0.0936900396693081,3,strong,1,8.5983,568.9214325325654,3.63495,1.1936723016662756,1.3916484807890928,19.72,True,True,True
612,1350,8.016650246831983,0.15,4.295918749467827,1011051.9403324032,128.2180523502614,0.0910350932694978,3,strong,1,8.0164,137.29150375082526,1.70819,1.1761010705328172,1.3312867209217212,13.91,True,True,True
613,25,25.464314817329893,0.05,2.7959187494678264,9328.266797630662,39.42982542363641,0.2889427981985323,0,mild,0,,,,1.0542738680075054,1.0395207598903542,30.05,False,False,False
614,854,12.89650922847644,0.15,1.8459187494678264,30917954.230319228,920.3625585533276,0.1177060296894969,2,mild,1,12.8973,751.429500478691,3.34499,1.0683308529142723,1.1143149550133709,25.35,True,True,True
615,613,39.27324617291277,0.05,38.04591874946782,17697.799755293294,71.10917110892296,0.3781687860332273,1,strong,0,,,,1.0636451912786833,1.2166069130939232,8.89,True,False,True
616,71,4.749357496055264,0.05,4.445918749467826,9960.036871650676,16.991077685579892,0.1210319607760169,0,mild,0,,,,1.1433014390836949,1.1500295942925662,29.64,False,False,False
617,1123,13.94057399903342,0.1,0.0709187494678261,438227.83338955307,135.12769167679158,0.1448751392411729,2,mild,1,13.9436,134.32570245514327,1.26599,1.0636451912786833,0.9974886688805212,23.46,True,True,True
618,765,40.86574700534905,0.15,32.29591874946782,172869.88187105648,125.36125321031086,0.2135635553092116,2,mild,1,40.876,162.70393180720424,1.2251800000000002,0.9441608195711662,0.8771182162419942,23.83,True,True,True
619,594,13.914235974755645,0.25,4.945918749467827,177469.07766653138,54.38582500163854,0.0921442675250926,1,strong,0,,,,0.9441608195711662,1.0169891365926444,19.77,True,False,True
620,933,7.99723108858384,0.15,7.1459187494678265,770089.8274832978,114.7341652470099,0.0932961259646332,2,mild,1,7.9973,128.65570813921886,1.19515,0.9371323271177828,0.9621995333951474,20.91,True,True,True
621,507,4.779229413845146,0.15,2.395918749467826,35897.78130497684,18.85268090423743,0.0714827353033349,1,strong,0,,,,1.0097600824694108,1.2015376638231734,20.59,True,False,True
622,78,39.048995105696136,0.05,4.6459187494678265,10379.128873114274,50.93900488111804,0.3537718357117939,0,mild,0,,,,1.103473315181189,1.2452649808777272,33.0,False,False,False
623,20,47.70782752515346,0.05,27.395918749467825,11993.912855968563,63.229510135612465,0.4084374256560634,0,mild,0,,,,1.108158976816778,1.3600765398452266,23.03,False,False,False
624,451,31.016122028384142,0.1,2.120918749467826,18054.80036308941,41.46691206835523,0.2185723457965899,1,strong,0,,,,1.1468156853103866,1.1004570201156865,10.31,True,False,True
625,1393,12.342863255716994,0.15,10.495918749467828,4691805.652216385,342.48378254365514,0.1125,3,strong,1,12.3438,334.1855452782787,2.38568,1.0706736837320667,1.1917238063484237,9.37,True,True,True
626,687,3.900996347678787,0.1,3.8209187494678263,22316.735477372316,16.397448919044646,0.0786287135383815,1,strong,0,,,,1.129244454176928,1.300258803980612,12.25,True,False,True
627,830,13.525044709276989,0.15,5.545918749467827,3237520.379694611,299.8851807912215,0.1185113657849943,2,mild,1,13.5236,330.5418292303153,2.67773,1.190158055439584,1.3449645176255065,22.92,True,True,True
628,1345,4.446509669998696,0.1,3.470918749467826,28918889.37373889,629.4038206932593,0.083708979127606,3,strong,1,4.4463,550.9096947790555,2.24026,0.9371323271177828,0.8715964907144941,19.95,True,True,True
629,829,16.718060937505804,0.25,5.6459187494678265,2833703.924685895,242.9722174055219,0.1028265932075778,2,mild,1,16.72,402.1452235841005,2.9447,1.108158976816778,1.3409323086530316,33.93,True,True,True
630,550,30.688048993398436,0.1,0.2209187494678262,11928.668808892098,32.930600315998014,0.2135635553092116,1,strong,0,,,,0.948846481206755,1.036917379475402,20.47,False,False,False
631,497,49.15290339494036,0.1,16.570918749467825,22769.146280274563,57.032755350731286,0.2675504187020754,1,strong,0,,,,1.194843717075173,1.3680577346779932,13.49,True,False,True
632,1143,4.491567549438836,0.25,3.2959187494678264,189749.6183307332,32.46790024442369,0.054232614454664,3,strong,1,33.9996,67.34268917797695,1.06579,0.9558749736601384,1.1859972158278875,8.22,True,False,False
633,598,39.41877272129999,0.15,31.695918749467825,22129.816590962306,40.4875990076544,0.1928522847134572,1,strong,0,,,,0.903161280259804,1.0195759591055904,8.55,True,False,True
634,1080,15.770741845378494,0.15,12.095918749467828,4642674.062797905,372.27313286974373,0.1228059705181015,2,mild,1,15.7703,328.28485266812237,1.90652,0.9371323271177828,0.96088895016784,27.42,True,True,True
635,153,32.40169358497087,0.05,23.545918749467827,8413.212695655619,41.02002607423749,0.3164720516971595,0,mild,0,,,,0.903161280259804,0.8900660772710814,22.45,False,False,False
636,1454,14.35871826617484,0.15,6.995918749467827,2154728.931709851,249.91180657194576,0.1210319607760169,3,strong,1,14.357,311.1746235805258,2.62504,1.194843717075173,1.3589112530071146,9.69,True,True,True
637,661,3.008484208274276,0.25,0.1459187494678261,21856.411630184368,8.894808235509116,0.0449845462455142,1,strong,0,,,,0.974617620202494,1.0617635076461196,12.56,True,False,True
638,418,19.72493753561566,0.1,13.720918749467828,16804.244341459045,32.40779645920393,0.1772148042592244,1,strong,0,,,,0.9675891277491108,1.0029737687787732,9.69,True,False,True
639,76,3.064136558819083,0.05,0.2459187494678262,8878.85372046704,12.88254177658865,0.0974818258184922,0,mild,0,,,,1.0847306686388336,1.011437631496783,24.32,False,False,False
640,729,3.577405308887445,0.15,2.345918749467826,56548.65871996255,20.50453911483963,0.0622774179626492,1,strong,0,,,,0.903161280259804,0.8900660772710814,18.67,True,False,True
641,416,39.048995105696136,0.15,27.695918749467825,12446.938076404396,31.55558660700752,0.2003869223968956,1,strong,0,,,,0.9968745129715414,0.8905506017652866,20.67,False,False,False
642,232,36.33687831585067,0.1,8.220918749467828,11597.955192996786,33.235029129486094,0.2185723457965899,0,mild,0,,,,1.016788574922794,1.122766251595923,31.38,False,False,False
643,39,11.15500268968475,0.05,10.445918749467827,11763.14949036051,28.986634223330924,0.1893918594207356,0,mild,0,,,,1.096444822727806,1.1813408653909805,30.79,False,False,False
644,326,16.853433907992166,0.05,8.145918749467826,14489.968630473142,39.05457535090195,0.2297528101025764,0,mild,0,,,,1.1936723016662756,1.4326486451307818,34.33,True,False,True
645,779,12.32062623723746,0.15,6.195918749467827,332397.3650756668,91.15884009185103,0.1125,2,mild,1,12.3203,102.441387868514,1.11804,0.9324466654821938,1.008734491045299,26.01,True,True,True
646,946,6.420075245790074,0.15,0.6459187494678262,877932.0335987908,107.8343120514668,0.0823439093093264,2,mild,1,6.4199,116.44684176174457,1.30647,0.995703097562644,1.105586788759252,24.65,True,True,True
647,19,21.03362687906664,0.05,8.145918749467826,9441.985264064995,35.48142286524034,0.2584982508792982,0,mild,0,,,,0.9066755264864548,0.923875733591034,22.97,False,False,False
648,1427,9.94011433721526,0.15,2.045918749467826,1884610.9209321972,196.11590288898864,0.101787879068315,3,strong,1,9.9389,203.4238920032976,1.77617,0.9207325113932217,1.1372103581742363,19.63,True,True,True
649,400,3.557730851061306,0.25,0.6959187494678263,358770.9236950143,39.66808141154381,0.0485693845151742,1,strong,0,,,,0.9441608195711662,0.8955551054165585,10.53,True,False,True
650,845,3.284461352279711,0.1,2.020918749467826,2890326.4735930013,171.29920016031446,0.0723553852114389,2,mild,1,3.2841,151.301843686709,1.5085400000000002,1.1655583318527425,1.1199328307422896,20.91,True,True,True
651,1498,4.061518715650817,0.15,2.245918749467826,80160847.62279998,819.0250741932889,0.0659115403451056,3,strong,1,4.0614,798.2244796057633,3.63803,1.103473315181189,1.1758746039369514,16.18,True,True,True
652,1210,9.793694391726012,0.15,5.8959187494678265,845870.7733016724,133.44589073373302,0.103358274273202,3,strong,1,9.7964,129.4450820576643,1.59819,1.1643869164438791,1.2827525517934166,13.36,True,True,True
653,888,3.1346633572806377,0.1,2.720918749467826,17530261.02140799,410.5608385232608,0.0704778765514577,2,mild,1,3.1344,370.3399125334923,2.07295,0.9511893120245496,0.983661838334852,30.56,True,True,True
654,1158,11.75487909050775,0.15,3.6959187494678263,9728612.371249858,478.44385917508595,0.1091836894783622,3,strong,1,11.7551,487.2655594002948,3.23818,1.0730165145498611,1.3396007563640602,11.32,True,True,True
655,1112,40.21349609916085,0.25,37.04591874946782,344285.85346379975,138.3003682536673,0.1671315676162189,2,mild,1,40.2098,353.4193416945657,2.64825,1.1761010705328172,1.286385334044624,23.63,True,True,True
656,923,11.120021153456468,0.15,5.695918749467827,2914528.501172608,260.3454101485362,0.1085555323259812,2,mild,1,11.1195,234.09665047277255,1.50546,0.9219039268021187,0.8985223346664076,33.83,True,True,True
657,492,3.8419800688505776,0.15,1.7959187494678264,56874.883790584005,21.24589293468119,0.0642558881171281,1,strong,0,,,,1.0636451912786833,0.9971585139118953,16.34,True,False,True
658,865,7.983893289047862,0.15,1.3959187494678262,475684.7814274911,87.94721083200956,0.0910350932694978,2,mild,1,7.9829,97.3952418497204,1.09747,0.948846481206755,1.0155026080725025,26.76,True,True,True
659,712,4.263926923332039,0.15,2.845918749467826,209536.62460431491,44.67199235531676,0.0701526506632401,1,strong,0,,,,1.1690725780794338,1.384172619456668,16.54,True,False,True
660,984,7.346178145860781,0.15,4.795918749467827,21556868.178908627,567.2250886356671,0.0872941357987517,2,mild,1,7.3468,498.5679622526407,2.86792,1.0613023604607903,1.172903020755327,32.18,True,True,True
661,222,10.301618552688812,0.05,5.045918749467827,13274.967152866811,29.26515835824816,0.1800364610754255,0,mild,0,,,,1.0542738680075054,1.2887231778183392,24.4,False,False,False
662,31,16.700563755599514,0.05,10.945918749467827,9853.980189794718,31.391049982112285,0.2239526708070477,0,mild,0,,,,1.0683308529142723,1.1867858069773625,33.64,False,False,False
663,660,3.3032725510923187,0.25,1.4959187494678263,60064.68123361244,15.625791847722256,0.0468990510906769,1,strong,0,,,,1.0355312214651498,1.1769942848819963,19.51,True,False,True
664,1494,5.580697089507444,0.1,4.0209187494678265,796250.9630512669,117.67685768949733,0.0940891139548072,3,strong,1,5.5804,116.20276347293472,1.06282,0.903161280259804,0.9003445625188581,8.81,True,True,True
665,976,4.253319117321794,0.1,1.4209187494678264,4408548.077504491,240.05849171504676,0.0818168717444638,2,mild,1,4.2534,210.72224094549787,1.40921,0.9019898648510196,0.8864980490746994,24.54,True,True,True
666,500,3.224614806921544,0.25,1.9459187494678265,20984.680645287102,9.125379019153286,0.0463838656737069,1,strong,0,,,,1.021474236558383,1.116152844812282,20.44,True,False,True
667,662,20.75097994005073,0.05,13.545918749467829,13311.441678157742,45.253884963967,0.2776287235277611,1,strong,0,,,,0.983988943473672,1.206043111693119,21.92,False,False,False
668,960,3.3757162383365116,0.15,0.0959187494678261,4024310.6208811537,170.7678868107393,0.061517271860805,2,mild,1,3.3755,161.56398410072464,1.8326,1.096444822727806,1.3165963934004374,24.68,True,True,True
669,320,4.849676569677087,0.05,4.045918749467827,10280.781769051831,17.785717492978918,0.1246615419043813,0,mild,0,,,,1.096444822727806,1.0953729238977117,20.41,False,False,False
670,374,48.115416693398345,0.05,1.5459187494678264,9681.257169854262,52.59347371206068,0.3781687860332273,0,mild,0,,,,1.1690725780794338,1.1051903686045792,28.88,False,False,False
671,508,18.722071978364887,0.1,3.6709187494678264,16740.774805558365,30.92920469677102,0.1694891961437145,1,strong,0,,,,1.101130484363395,1.0149176070876258,8.76,True,False,True
672,1273,17.273034359129873,0.25,3.345918749467826,88244.77591467032,42.876949886339055,0.1028265932075778,3,strong,1,17.2714,88.75051004725422,1.45904,1.194843717075173,1.4142918069078991,8.26,True,True,True
673,1364,40.45136235740419,0.25,28.445918749467825,3993086.665318871,470.9969724672025,0.1671315676162189,3,strong,1,40.4544,787.2667362394482,2.99343,0.9816461126558772,0.9742387775826952,10.38,True,True,True
674,1496,17.626010591626976,0.15,8.995918749467826,44389604.792968325,1216.4100842639148,0.129701310350135,3,strong,1,17.6209,1050.7357687417414,3.60547,0.983988943473672,1.0157162109794913,20.69,True,True,True
675,296,3.0613931844312763,0.05,0.9459187494678264,10172.475700129306,13.91982190644783,0.0983904074028945,0,mild,0,,,,1.0706736837320667,1.106722381401838,30.69,False,False,False
676,172,40.502700270027006,0.05,35.59591874946783,9623.045670678755,56.6364007527513,0.4084374256560634,0,mild,0,,,,1.016788574922794,0.9314673116172068,34.42,False,False,False
677,1195,36.897021081200755,0.25,10.845918749467828,643535.8673111976,163.7497922786466,0.1448751392411729,3,strong,1,36.897,291.910632098481,1.96328,0.9043326956686604,1.0493359252241132,11.36,True,True,True
678,98,13.72474562623527,0.05,7.595918749467827,10328.81157317987,29.338273598918345,0.2045032061809544,0,mild,0,,,,1.0941019919100112,0.9978397758404838,29.04,False,False,False
679,417,4.384605041099735,0.1,0.1209187494678261,14665.849833980048,14.12569898769208,0.0834303550032252,1,strong,0,,,,0.9043326956686604,0.9141279413633898,11.67,True,False,True
680,998,31.495674449857216,0.25,30.295918749467827,769036.8311920167,179.00614877614498,0.1448751392411729,2,mild,1,31.4962,320.4145846967318,2.04941,0.983988943473672,1.0455142797528874,29.4,True,True,True
681,1163,27.092841230658077,0.25,15.745918749467828,3074563.5546467523,320.1334906278292,0.129701310350135,3,strong,1,27.0925,550.4842308453226,3.1947300000000003,0.9816461126558772,1.2434232238504812,10.36,True,True,True
682,234,3.2099116816859876,0.05,1.3959187494678262,11393.404830067417,15.09530048065782,0.1007806519720537,0,mild,0,,,,1.0894163302746342,1.093900221677323,24.78,False,False,False
683,1382,5.843300821855194,0.15,2.095918749467826,26010028.870623708,561.4918318370103,0.0788603778083793,3,strong,1,5.8432,509.0120855552632,3.1013400000000004,1.1433014390836949,1.2552857232824963,21.57,True,True,True
684,586,15.47504823217473,0.1,5.2709187494678265,17327.901261814197,28.06477998376273,0.1512701184544283,1,strong,0,,,,1.194843717075173,1.3720068628213131,16.37,True,False,True
685,1242,3.0402009031724537,0.1,2.970918749467826,565881.1840254907,73.2379866748448,0.0699917964269063,3,strong,1,3.0403,67.25982439366453,1.07294,1.0941019919100112,1.1946888976979286,15.08,True,True,True
686,1361,11.801244679428171,0.15,11.695918749467827,11728340.914855,544.9036824622183,0.1132009427427743,3,strong,1,11.7971,482.9229397288481,2.8149,0.9558749736601384,1.1697183665928732,15.94,True,True,True
687,436,27.123542814432614,0.05,24.695918749467825,12326.494143304615,49.65177568487279,0.3164720516971595,1,strong,0,,,,1.030845559829561,1.1572046696397675,12.76,False,False,False
688,1098,29.334093872229463,0.25,0.4959187494678262,1340993.036048635,211.42319614528543,0.129701310350135,2,mild,1,29.3328,356.7062360663178,2.43584,1.1561870085815644,1.1777433559446744,29.11,True,True,True
689,552,9.365458620983905,0.25,1.8459187494678264,21903.042023845657,15.866918532669285,0.0768485885867006,1,strong,0,,,,1.065988022096431,1.181835107779566,17.22,True,False,True
690,561,9.320782308979734,0.1,7.220918749467827,17332.341689484267,22.25330902487748,0.1201737097952954,1,strong,0,,,,1.0812164224121417,1.190188349817913,13.27,True,False,True
691,592,9.926716331316303,0.15,0.9959187494678264,14480.073656351116,16.933225676430727,0.1002883566628851,1,strong,0,,,,1.096444822727806,1.0347660477005085,19.85,True,False,True
692,165,40.16288825419493,0.05,8.595918749467828,11100.389896060857,49.66642034851863,0.3335650562207792,0,mild,0,,,,1.1854723938039953,1.3723774259825297,34.48,False,False,False
693,919,38.437588089075675,0.25,6.1459187494678265,750587.5413320238,189.0562452630262,0.1548058511525273,2,mild,1,38.4363,309.87959753923866,1.9349,1.0941019919100112,1.0037355102141885,34.2,True,True,True
694,742,4.1725006351684915,0.15,2.745918749467826,65776.59291811942,23.710611587731503,0.0665853342642525,1,strong,0,,,,1.0355312214651498,0.9422864744913696,17.1,True,False,True
695,476,9.742866360225262,0.15,2.395918749467826,18543.63231557633,19.162480004227067,0.1002883566628851,1,strong,0,,,,0.9066755264864548,0.9359566583197524,19.87,True,False,True
696,426,5.2730289639558885,0.25,3.095918749467826,213111.02585459428,37.32134137360891,0.0585657186921991,1,strong,0,,,,0.9219039268021187,0.9558268462481556,13.05,True,False,True
697,113,15.353448158207202,0.1,12.320918749467827,9933.552347154491,21.749167851792677,0.1548058511525273,0,mild,0,,,,1.0238170673761682,1.0706952339394245,23.18,False,False,False
698,1389,43.90140391613576,0.25,12.995918749467828,304488.9377817969,130.06172418889702,0.1671315676162189,3,strong,1,43.888,419.0962703856126,2.90983,1.0730165145498611,1.2979799233659508,21.78,True,True,True
699,582,47.14402455761715,0.1,47.120918749467826,31123.25960423684,49.17107359645894,0.2889427981985323,1,strong,0,,,,1.1843009783950975,1.1734779217954772,18.43,True,False,True
700,563,3.5958124169938963,0.1,3.470918749467826,21361.013828573257,15.363375344408707,0.0753897687783055,1,strong,0,,,,0.9019898648510196,0.9039606056257992,15.09,True,False,True
701,1157,6.739591477277834,0.15,0.4959187494678262,13185457.839597289,434.0088517793368,0.0854434658091638,3,strong,1,6.7399,496.99193926423067,2.19505,0.9769604510202644,0.8991393420372419,21.84,True,True,True
702,1269,30.925953925665276,0.25,24.195918749467825,20513464.07607212,924.5148294301928,0.1448751392411729,3,strong,1,30.9272,1184.3752843424795,3.63517,0.9043326956686604,0.9645779138695044,18.48,True,True,True
703,1259,40.84831154684096,0.25,4.845918749467827,3664185.994503788,417.7140736883582,0.1548058511525273,3,strong,1,40.84,734.4927596434358,3.00652,0.9324466654821938,1.0130423320349724,9.81,True,True,True
704,45,12.728483902174098,0.1,3.020918749467826,10195.190560158138,20.194247260205707,0.1419701412105178,0,mild,0,,,,0.9511893120245496,0.9930797829621428,20.03,False,False,False
705,511,3.1089108500460134,0.1,0.3209187494678262,17461.552507680808,12.89575511837715,0.0701526506632401,1,strong,0,,,,0.9043326956686604,0.9141279413633898,16.18,True,False,True
706,683,38.36058446429789,0.1,22.620918749467823,19954.86508054096,49.94354948406871,0.2503092147131164,1,strong,0,,,,1.1854723938039953,1.3642882282819049,18.68,True,False,True
707,593,43.24699663623258,0.05,13.245918749467828,15688.597844960535,66.95115030476761,0.3781687860332273,1,strong,0,,,,1.0613023604607903,1.1865888958631587,16.92,True,False,True
708,1140,16.671483033421882,0.15,13.295918749467829,2424739.388399505,291.6823186817493,0.1330396562549454,3,strong,1,16.6745,267.45069579351656,1.7061,0.9019898648510196,0.9526642605604966,21.48,True,True,True
709,1216,10.71074085093722,0.15,10.445918749467827,9784634.559680374,458.71804912743187,0.1044473848444829,3,strong,1,10.7087,401.3920594254604,2.49073,1.0613023604607903,1.135270934978807,21.06,True,True,True
710,233,19.959325973271355,0.05,1.9459187494678265,13057.214813367138,37.0734900510454,0.2297528101025764,0,mild,0,,,,1.1690725780794338,1.388187842903195,27.59,False,False,False
711,626,42.80231330435361,0.15,0.0959187494678261,39182.9408895679,55.98781359515149,0.2003869223968956,1,strong,0,,,,0.9019898648510196,0.8560441550079743,19.09,True,False,True
712,952,10.299402156995589,0.15,0.9959187494678264,753007.2577575009,124.60306111954408,0.1023031988500929,2,mild,1,10.2997,133.84771356660065,1.51173,1.096444822727806,1.1932350702212675,30.47,True,True,True
713,974,10.85279263722005,0.15,9.145918749467826,140169.65019118803,55.81111999736016,0.106148978486855,2,mild,1,10.8531,72.62738959023855,1.27468,1.1198731309057504,1.36586636412948,31.36,True,True,True
714,616,28.92640876306553,0.05,8.695918749467827,13082.55292610472,48.77136441155296,0.3017675832604191,1,strong,0,,,,0.9254181730288104,0.8443864577935836,21.2,False,False,False
715,760,6.846585722110645,0.15,3.1959187494678263,22499099.791440237,564.9213814810616,0.0851466509644063,2,mild,1,6.8458,476.0390478627259,3.33718,1.1468156853103866,1.396740091475629,24.83,True,True,True
716,1053,17.943130343243592,0.25,12.395918749467826,2935832.9632644136,255.42265466670528,0.106148978486855,2,mild,1,17.9414,318.4668909267479,2.28459,1.0449025447363278,1.169050799893155,33.84,True,True,True
717,806,4.6087548777615055,0.15,0.4459187494678262,15035503.930264246,375.7371962685598,0.0696735363052868,2,mild,1,4.6087,360.5262703208252,2.34036,0.948846481206755,1.125567293182867,26.87,True,True,True
718,671,29.14656026738003,0.05,9.345918749467828,19825.511267828617,62.96905790597254,0.3164720516971595,1,strong,0,,,,1.108158976816778,1.3171650742559202,17.81,True,False,True
719,1401,10.893542334927073,0.15,10.295918749467829,14365930.2562583,581.3964984264596,0.1091836894783622,3,strong,1,10.8937,488.6296389059343,2.45047,0.9605606352957272,1.012317495530772,13.14,True,True,True
720,515,9.132301010675002,0.1,7.070918749467827,13626.051645142796,19.87355073206071,0.1210319607760169,1,strong,0,,,,0.9183896805754272,0.893903935172309,17.57,False,False,False
721,107,9.419824157420976,0.05,7.345918749467827,12220.412373002437,27.214537528850983,0.1745226094445269,0,mild,0,,,,1.1936723016662756,1.3880284091234625,20.84,False,False,False
722,350,6.624869706552657,0.05,2.995918749467826,9599.085740602042,21.379881219993944,0.1548058511525273,0,mild,0,,,,1.0812164224121417,1.1625908320925622,26.05,False,False,False
723,655,39.0808740511716,0.15,28.645918749467825,47859.691892785726,63.15304947294425,0.2045032061809544,1,strong,0,,,,1.1936723016662756,1.3916484807890928,17.77,True,False,True
724,1207,47.4242504083891,0.25,15.645918749467826,87116.93975230485,69.56888662497882,0.1671315676162189,3,strong,1,47.4264,212.90223633819437,2.00277,1.129244454176928,1.25342462200407,13.78,True,True,True
725,810,27.696327344572264,0.25,2.1959187494678263,369645.4390427622,111.00231815038256,0.129701310350135,2,mild,1,27.6994,197.395407813879,1.94029,1.0097600824694108,1.2611169962558575,21.72,True,True,True
726,1331,9.749811497360962,0.1,8.070918749467827,4324101.057231363,328.78948649673106,0.1125,3,strong,1,9.751,287.41817404119223,1.57399,0.903161280259804,0.8478169828016208,18.18,True,True,True
727,490,4.040095241686554,0.15,2.9459187494678263,21794.54719602663,13.561719267937027,0.0661784608738331,1,strong,0,,,,1.1936723016662756,1.395022407528708,9.77,True,False,True
728,1016,6.39904949616471,0.15,1.3459187494678264,17269764.993977055,478.2662534527699,0.0823439093093264,2,mild,1,6.3995,407.2914193383708,2.9186300000000003,1.108158976816778,1.3206376299192852,28.73,True,True,True
729,1138,13.460393714683985,0.25,12.045918749467829,10647360.811554462,421.2552830836756,0.0921442675250926,3,strong,1,13.4615,531.0287046659298,3.28427,1.1433014390836949,1.301478836823314,11.6,True,True,True
730,943,3.0688509429870323,0.1,0.9709187494678264,856633.8724245561,90.32396045687337,0.0701526506632401,2,mild,1,3.0692,92.7749044973644,0.98736,0.9968745129715414,0.9360898301570396,31.64,True,True,True
731,1044,42.347942291947035,0.25,3.2959187494678264,137795.85066104657,81.00436515605533,0.1548058511525273,2,mild,1,42.3539,152.44830227900246,1.53472,0.9781318664291856,1.135076448165858,33.23,True,True,True
732,302,38.98539298586083,0.05,27.095918749467828,7954.705518086157,44.59457791617206,0.3537718357117939,0,mild,0,,,,0.903161280259804,0.8207823606679693,32.96,False,False,False
733,298,5.116902374208133,0.05,1.8959187494678265,9356.968586682062,17.235040522129058,0.1266051023200892,0,mild,0,,,,0.9816461126558772,0.916288151767222,31.59,False,False,False
734,1225,3.9793086737671697,0.1,0.4209187494678262,1967674.996570175,159.34037402508469,0.0813001578720744,3,strong,1,3.9796,142.55704221930762,1.23519,0.903161280259804,0.9447060244907254,9.11,True,True,True
735,322,30.84624348779819,0.05,10.945918749467827,10626.36530599968,43.95527749056614,0.3017675832604191,0,mild,0,,,,1.1468156853103866,1.2823340696447898,23.15,False,False,False
736,666,14.11943558028108,0.1,5.470918749467827,9836.309318029338,20.908593999203443,0.1495915184013531,1,strong,0,,,,0.9066755264864548,0.8874282375719331,14.93,False,False,False
737,1119,43.80098117468413,0.25,28.495918749467823,183112.68054437495,100.86092750371532,0.1671315676162189,2,mild,1,43.8107,204.8576431158778,1.74658,1.0343598060562529,1.1143449589675,22.69,True,True,True
738,177,15.86219173446511,0.1,9.720918749467828,8181.119754717237,19.506850024897027,0.1530070776973354,0,mild,0,,,,1.0636451912786833,0.9974886688805212,23.82,False,False,False
739,1433,5.678001176016333,0.15,3.645918749467826,133684.54886493672,39.89339199143862,0.0781716658562967,3,strong,1,5.6783,54.0497219436932,1.09362,1.155015593172667,1.3583977947047952,19.0,True,True,True
740,896,49.0521714485044,0.25,6.545918749467827,403037.7903584639,149.63618664363233,0.1671315676162189,2,mild,1,49.0516,249.38376484110148,1.60787,1.016788574922794,0.9297669394810636,30.7,True,True,True
741,934,42.31051310259231,0.25,19.045918749467827,146178.3265825863,90.11669181387552,0.1671315676162189,2,mild,1,42.3107,165.4122899152468,1.41229,1.0941019919100112,1.002760580269085,34.62,True,True,True
742,691,13.101220492156472,0.05,8.545918749467827,19119.65725324551,40.77473349497904,0.208885450791923,1,strong,0,,,,1.108158976816778,1.223155742941445,14.87,True,False,True
743,682,6.881030659836379,0.25,5.295918749467827,41516.5179089882,18.83725121694128,0.0665853342642525,1,strong,0,,,,1.0636451912786833,1.207512798450986,17.6,True,False,True
744,1089,3.614409927910199,0.15,2.395918749467826,800721.2074258291,76.8725022658861,0.0620571787242324,2,mild,1,3.6145,87.25254998188022,1.21374,1.0472453755541222,1.18657134618236,26.79,True,True,True
745,1453,7.278048512236425,0.15,0.1459187494678261,32552271.97632935,694.4464566334868,0.0869770764071256,3,strong,1,7.2773,712.6483714303042,2.59281,0.9043326956686604,0.8869319513258805,12.75,True,True,True
746,1025,21.71585068648505,0.25,21.695918749467825,65138.268212840136,34.81718028982982,0.1161441404389985,2,mild,1,21.7171,75.58572439841214,1.27677,1.1058161459989837,1.3410656409239017,33.24,True,True,True
747,367,4.61408552954036,0.05,1.0459187494678264,9120.89735600672,15.807833463024112,0.1177060296894969,0,mild,0,,,,1.096444822727806,1.0327498913742568,31.52,False,False,False
748,1405,13.439609342333194,0.15,2.2959187494678264,120769.14933444047,57.91975994963504,0.1185113657849943,3,strong,1,13.4398,61.961595836885664,1.15907,1.1690725780794338,1.344638753635795,8.72,True,True,True
749,1264,3.538010109611207,0.15,1.0459187494678264,12204799.281183278,297.3896005265284,0.061517271860805,3,strong,1,3.5376,287.6560040021744,2.54001,1.1690725780794338,1.3675901394569865,11.07,True,True,True
750,21,40.45136235740419,0.05,7.295918749467827,8921.036466724874,44.52474085450789,0.3335650562207792,0,mild,0,,,,0.9277610038466048,0.8625146208317058,24.52,False,False,False
751,698,23.284399966883303,0.1,9.720918749467828,19597.548673431105,36.76350202206372,0.1861122600665755,1,strong,0,,,,0.9019898648510196,0.8731938833901349,8.16,True,False,True
752,1243,21.899637913916955,0.25,11.095918749467828,3603325.786619321,316.3738025842971,0.1185113657849943,3,strong,1,21.8971,494.2849223191921,2.91071,1.136272946630538,1.1955493630333769,18.42,True,True,True
753,1341,24.257820712556803,0.25,8.145918749467826,956136.8603442378,170.21705041756445,0.123723175277265,3,strong,1,24.2557,317.59771355851717,2.63505,1.190158055439584,1.3502290037825904,17.86,True,True,True
754,790,4.545518827661516,0.1,0.0709187494678261,11002504.845661948,392.27692597527914,0.0845624643089311,2,mild,1,4.5457,346.60736726542183,1.76418,0.9043326956686604,0.8653289937397206,21.69,True,True,True
755,1305,3.033938770377792,0.1,0.1209187494678261,6168243.876239519,240.09818622862585,0.0695161034736569,3,strong,1,3.0343,235.28054624784917,1.54682,0.9558749736601384,0.9208820862166812,21.02,True,True,True
756,833,25.26940895690018,0.15,9.895918749467826,546472.6055279291,165.29860942063755,0.1586041597913043,2,mild,1,25.2729,219.89235407280745,1.71149,0.983988943473672,1.0539658941847136,21.82,True,True,True
757,659,35.42268544393976,0.1,9.420918749467829,22803.482493510724,48.99353608655213,0.2297528101025764,1,strong,0,,,,1.1058161459989837,1.2309574012691855,10.2,True,False,True
758,718,9.497381801143524,0.05,5.6459187494678265,16116.243552754297,30.789841289500117,0.171950282562443,1,strong,0,,,,1.096444822727806,1.0327498913742568,10.19,True,False,True
759,629,19.86820319226439,0.05,11.945918749467827,11297.667521791856,37.57936189218733,0.2503092147131164,1,strong,0,,,,1.0905877456833195,1.177574117068276,19.4,False,False,False
760,1283,3.7351119699388167,0.1,3.020918749467826,54180167.56686793,798.3819487443335,0.0777227865337105,3,strong,1,3.7351,709.2688536528041,2.69324,1.016788574922794,0.9234786670975028,13.91,True,True,True
761,807,6.2206840492196935,0.15,6.045918749467827,40635131.44084664,726.4495713752299,0.081557245341977,2,mild,1,6.2212,704.6029640438877,2.8061,0.9207325113932217,0.9653574817092386,29.28,True,True,True
762,622,24.998888901234434,0.15,4.1459187494678265,17453.02487281572,31.138601332336783,0.1671315676162189,1,strong,0,,,,0.9511893120245496,0.8738117013803532,20.54,True,False,True
763,709,34.79193727964372,0.15,26.395918749467825,20620.665669828104,41.45345348483053,0.2045032061809544,1,strong,0,,,,1.096444822727806,1.032785750397717,9.35,True,False,True
764,23,20.259191226127125,0.05,7.995918749467827,9390.085811179291,35.383773703359736,0.2584982508792982,0,mild,0,,,,0.9019898648510196,0.8925287636049368,27.41,False,False,False
765,985,23.14368593485607,0.25,16.645918749467825,97474.28781902968,54.34856297590907,0.123723175277265,2,mild,1,23.1458,91.0316236219875,1.28326,1.091759161092217,1.22821887936264,29.15,True,True,True
766,1314,4.39023462195893,0.25,0.4959187494678262,430865.0750231962,48.12981298503206,0.0534031062286086,3,strong,1,42.7372,97.42883234210272,1.31241,1.1714154088972284,1.2141798967310622,9.78,True,False,False
767,460,16.17847974746349,0.1,9.120918749467826,42614.29328282242,45.593267198087666,0.1566701870842482,1,strong,0,,,,1.129244454176928,1.1770221622612869,16.64,True,False,True
768,1010,14.10695307871002,0.15,13.895918749467826,2814546.857827085,287.7165096689635,0.1219091462216003,2,mild,1,14.1061,247.7079128269411,1.65682,0.9207325113932217,0.9613081944137744,29.99,True,True,True
769,1136,13.56913251151907,0.15,7.645918749467827,17128066.884346712,685.027084442986,0.1177060296894969,3,strong,1,13.5707,595.7865641262719,2.28987,0.9019898648510196,0.8566880931075159,17.01,True,True,True
770,843,20.101807882851695,0.25,18.345918749467824,702599.9324702508,134.22139503019855,0.1139153809089968,2,mild,1,20.1036,234.87433020816755,2.29944,1.173758239715023,1.3701293212715449,24.24,True,True,True
771,1042,8.784565979170123,0.15,4.795918749467827,2387172.475886039,206.4656870439648,0.0953184483951077,2,mild,1,8.7839,205.7658965481549,2.08615,1.0449025447363278,1.328055087029289,23.46,True,True,True
772,1315,11.538136093005605,0.15,6.845918749467827,426237.1312405224,101.3448284164494,0.110474051467393,3,strong,1,11.5377,122.68245388975464,1.33518,1.1093303922256754,1.1007934764425555,12.31,True,True,True
773,127,39.598109787219066,0.1,34.020918749467825,13381.057598318372,43.721615442508806,0.2675504187020754,0,mild,0,,,,1.108158976816778,1.204547415682388,29.73,False,False,False
774,1040,17.085010251347864,0.15,1.9959187494678263,818899.6045141004,168.04141571957172,0.1318980441134679,2,mild,1,17.084,206.97373251937591,1.93303,1.0941019919100112,1.226982120495994,24.48,True,True,True
775,579,11.07628119923202,0.25,9.945918749467827,82919.02145575242,33.936014435616,0.0842749828079052,1,strong,0,,,,1.1058161459989837,1.1026814624354877,12.44,True,False,True
776,895,48.77727553575493,0.25,41.69591874946783,22518.247766354147,38.745535455803726,0.1829982843991256,2,mild,1,48.7892,69.5301372725517,1.0175,1.1655583318527425,1.1143076970823798,20.02,True,True,True
777,495,3.732781969232556,0.05,1.4959187494678263,14719.8404163254,18.39530200914028,0.1079382877348235,1,strong,0,,,,1.0800450070032448,1.1423035673004145,12.52,True,False,True
778,588,48.40734525269476,0.05,27.445918749467825,12632.859108849148,60.078185032622606,0.3781687860332273,1,strong,0,,,,0.9019898648510196,0.9039606056257992,14.54,False,False,False
779,795,8.603788087371512,0.15,0.4459187494678262,675074.5488253033,109.30792333176362,0.0949031999561809,2,mild,1,8.6034,113.09599892588976,1.12046,1.0472453755541222,0.962121661267732,27.4,True,True,True
780,859,18.31731532477683,0.15,16.195918749467825,492774.0690266009,139.01249330603648,0.1405823186717711,2,mild,1,18.3154,190.94694606581797,2.00805,1.1690725780794338,1.3270137410818843,32.04,True,True,True
781,556,48.091248169799826,0.05,0.0459187494678261,50582.440382220695,112.4527015929594,0.3537718357117939,1,strong,0,,,,1.0121029132872053,0.9732291654026228,13.81,True,False,True
782,1407,27.608474243502588,0.25,12.645918749467826,1010338.7374159056,183.51555223975848,0.129701310350135,3,strong,1,27.6065,310.696277848205,2.27502,1.173758239715023,1.1786217458365016,11.35,True,True,True
783,1233,27.79280698178584,0.15,19.195918749467825,167701.8950928712,91.57016301527226,0.1586041597913043,3,strong,1,27.7937,122.39079962958114,1.29129,1.0683308529142723,1.065875936558246,12.04,True,True,True
784,13,3.9267557110020896,0.05,1.7459187494678263,9491.612163605403,15.215213955041603,0.1111369461277755,0,mild,0,,,,1.1655583318527425,1.289885808070122,23.74,False,False,False
785,1018,19.583723207485583,0.15,12.795918749467829,20649983.197771136,858.7778524859599,0.1342118068900777,2,mild,1,19.5795,723.3234594430024,2.70578,0.9043326956686604,0.9187206178630278,33.02,True,True,True
786,907,26.84970822344475,0.15,25.945918749467825,178056.59682825522,99.45870076129737,0.1671315676162189,2,mild,1,26.8558,130.55040695852054,1.4282400000000002,1.0495882063719166,1.1414826976124937,30.45,True,True,True
787,424,30.118469930725208,0.05,14.845918749467828,19295.876182753174,59.231251245748155,0.3017675832604191,1,strong,0,,,,0.9254181730288104,1.1578708354982123,20.64,True,False,True
788,1300,12.390785354154218,0.15,7.395918749467827,986825.936498608,159.06988759972756,0.1139153809089968,3,strong,1,12.39,219.87048128728233,2.27557,1.1936723016662756,1.4014060627445528,13.02,True,True,True
789,1423,13.989460921469876,0.15,1.6959187494678265,41440008.51603543,1080.4277780352995,0.1193337237508642,3,strong,1,13.9898,925.8121507479198,3.1361000000000003,1.030845559829561,0.9412082390886132,12.58,True,True,True
790,1144,7.233508657994741,0.15,5.1459187494678265,7952253.347008374,345.8073988477838,0.0876147918034216,3,strong,1,7.2327,339.35867915736867,1.9195,0.9277610038466048,0.9515155541469732,15.45,True,True,True
791,684,3.4913059704098077,0.25,0.3459187494678262,159060.057352555,26.071897415416057,0.0479904796331675,1,strong,0,,,,1.129244454176928,1.2733214123662102,20.76,True,False,True
792,1448,7.635600050905698,0.15,5.545918749467827,57716462.84795763,960.9700336468992,0.0903180846357682,3,strong,1,7.6358,870.1797126665157,3.3409199999999997,1.1093303922256754,1.034234105731317,16.94,True,True,True
793,473,33.47803767520757,0.1,24.120918749467823,11441.8873235691,35.65558601018779,0.2360303082374914,1,strong,0,,,,0.9605606352957272,1.0059203721545722,10.54,False,False,False
794,569,33.431277860326894,0.05,23.595918749467828,9007.534037216728,42.444161052415026,0.3164720516971595,1,strong,0,,,,0.9371323271177828,0.862024586228908,10.73,False,False,False
795,403,38.608089093280256,0.1,12.670918749467829,32399.52592437665,61.7390389646584,0.2428543932457756,1,strong,0,,,,0.9816461126558772,0.8906151391639521,12.4,True,False,True
796,553,36.18580825707255,0.25,3.995918749467826,72985.84205257625,55.14595862065215,0.1448751392411729,1,strong,0,,,,0.9277610038466048,0.8953754758526021,11.43,True,False,True
797,354,33.725688589095,0.05,25.445918749467825,8702.043782025825,43.97485084814785,0.3335650562207792,0,mild,0,,,,0.9019898648510196,0.8947852836122645,21.67,False,False,False
798,80,48.43183261400695,0.05,21.545918749467827,13695.17671059694,62.55323837819372,0.3781687860332273,0,mild,0,,,,1.0905877456833195,1.194649025494923,27.01,False,False,False
799,429,3.48102391929944,0.25,0.8459187494678263,541632.8879133852,48.11102224198023,0.0479904796331675,1,strong,0,,,,1.0941019919100112,1.222701055297471,11.82,True,False,True
800,529,37.74060437302379,0.15,26.495918749467823,17035.369437295623,36.916521436663686,0.2003869223968956,1,strong,0,,,,1.194843717075173,1.3589640329921298,19.63,True,False,True
801,1374,15.833336265530384,0.15,1.9459187494678265,802253.6706476259,153.6089066282239,0.1219091462216003,3,strong,1,15.8292,192.07051934505168,1.93556,1.0905877456833195,1.275362194433658,14.26,True,True,True
802,853,13.262743711039391,0.15,6.6459187494678265,391581.11852018273,105.02596842125308,0.1193337237508642,2,mild,1,13.2648,126.45553123481206,1.7325,1.1936723016662756,1.406894669028047,20.1,True,True,True
803,897,40.468460528445775,0.25,19.895918749467825,92068.09164566844,66.21325275403655,0.1548058511525273,2,mild,1,40.4703,120.96191583559964,1.3475,1.016788574922794,1.1188238133196295,32.07,True,True,True
804,651,36.656864022939814,0.05,21.395918749467825,14102.460959099037,55.98107013208232,0.3335650562207792,1,strong,0,,,,1.1433014390836949,1.1782841865797309,9.87,False,False,False
805,646,16.465054501147105,0.1,3.620918749467826,18819.56233916789,30.29896749361142,0.1566701870842482,1,strong,0,,,,1.1433014390836949,1.3244571288515736,21.97,True,False,True
806,472,29.173203843211493,0.1,7.570918749467827,23465.069544655376,47.273338448457565,0.2185723457965899,1,strong,0,,,,0.9722747893846996,1.058206925053492,21.83,True,False,True
807,1420,5.927961016428904,0.15,5.045918749467827,53962228.298559085,816.2109711128163,0.0795683193377147,3,strong,1,5.9273,789.4818007916629,3.12906,0.9582178044779328,1.0169511347516862,12.5,True,True,True
808,711,3.5835647464224873,0.15,3.0459187494678264,29814.340526876607,15.114972031608124,0.0631839788269006,1,strong,0,,,,0.9207325113932217,0.9638560245768406,9.5,True,False,True
809,220,11.318526530252914,0.1,10.120918749467828,10469.256168036934,19.691374468172928,0.1366533436151313,0,mild,0,,,,1.1433014390836949,1.1825761142305904,20.24,False,False,False
810,267,4.80513461766405,0.05,0.3959187494678262,11840.709719670534,18.52590017736668,0.1210319607760169,0,mild,0,,,,1.159701254808256,1.2797102088150918,20.65,False,False,False
811,1151,7.845200320792218,0.1,4.070918749467826,2357673.6837310186,241.27611782021756,0.1118121345392505,3,strong,1,7.8451,241.81570449497303,1.54176,0.9816461126558772,0.9053818390075922,13.92,True,True,True
812,578,6.572568689283874,0.25,6.545918749467827,21748.413266628395,12.089554140515071,0.0647512177140571,1,strong,0,,,,1.091759161092217,1.2306306646454142,15.32,True,False,True
813,351,48.21233419761288,0.05,32.84591874946783,8216.515497832534,57.32892986209506,0.447386231520864,0,mild,0,,,,0.903161280259804,0.8900660772710814,24.91,False,False,False
814,1375,8.608429655306987,0.15,5.545918749467827,69437427.18191297,1113.5322432780629,0.0953184483951077,3,strong,1,8.6075,937.0294955640449,3.85066,0.9675891277491108,1.1487242748593935,20.49,True,True,True
815,621,38.81155070251248,0.15,27.195918749467825,18096.642783929383,38.83366536045044,0.2045032061809544,1,strong,0,,,,1.0472453755541222,1.285002046069898,12.24,True,False,True
816,803,18.490659850919226,0.15,0.1959187494678262,40995767.39669285,1243.7886035983925,0.1379257703181171,2,mild,1,18.4888,1009.471923780393,3.4991,1.0531024525987964,1.0056954561423297,32.98,True,True,True
817,1192,33.164923607579546,0.15,14.295918749467829,130552.98517199037,90.33029155963904,0.1772148042592244,3,strong,1,33.1716,138.574544785862,1.0963699999999998,0.9371323271177828,0.8504967708592526,17.72,True,True,True
818,55,15.585893257317824,0.05,8.795918749467827,11521.618629883167,33.94350988021593,0.2239526708070477,0,mild,0,,,,1.016788574922794,1.1217259657566216,31.37,False,False,False
819,1055,5.303993804728727,0.1,0.0709187494678261,792521.7410682975,113.51886352097736,0.0910350932694978,2,mild,1,5.3043,103.5506792509246,1.13454,1.0074172516516164,1.018123805532815,22.44,True,True,True
820,1106,27.955108811122773,0.25,13.245918749467828,530651.0400412522,132.99762404409742,0.129701310350135,2,mild,1,27.9566,188.58565469500485,1.59126,1.0894163302746342,1.0581422974934984,30.24,True,True,True
821,1286,20.144102281731374,0.15,3.395918749467826,25378227.61683061,1007.5361555166264,0.1419701412105178,3,strong,1,20.1419,888.4478933556234,2.97968,0.9441608195711662,0.912874132389586,21.65,True,True,True
822,330,22.927536379570377,0.1,16.670918749467827,8691.144329727475,24.482427659836674,0.1861122600665755,0,mild,0,,,,0.9418179887533716,0.928508626547828,29.88,False,False,False
823,6,10.494713986188495,0.05,2.495918749467826,10074.2148908423,25.915522878308924,0.1829982843991256,0,mild,0,,,,1.129244454176928,1.1509312437237162,31.74,False,False,False
824,1100,22.523011777425182,0.15,19.045918749467827,50260.83006544056,48.34990202988587,0.1530070776973354,2,mild,1,22.524,67.0617281022353,1.15742,1.0847306686388336,1.2906570805795,32.45,True,True,True
825,501,3.752385971612671,0.15,1.1959187494678265,61542.75587931134,21.799854039274628,0.0634172667480864,1,strong,0,,,,1.1198731309057504,1.1287156283505129,16.87,True,False,True
826,312,15.636804008715202,0.05,9.595918749467828,11082.38100785028,34.155035088241036,0.2297528101025764,0,mild,0,,,,0.995703097562644,1.015951606870289,28.33,False,False,False
827,883,3.1558450302199765,0.1,2.470918749467826,922665.6340997572,95.10910319618168,0.0711427996478831,2,mild,1,3.1563,99.41820230794896,0.98307,0.903161280259804,0.9003445625188581,30.94,True,True,True
828,1120,11.078844610331736,0.15,4.195918749467826,3740008.878362869,294.9185491955392,0.1085555323259812,2,mild,1,11.0808,291.6134303980739,2.585,1.1854723938039953,1.3823373496901543,34.37,True,True,True
829,458,6.113436558754123,0.1,5.370918749467827,16323.168104543778,17.63285251187669,0.0983904074028945,1,strong,0,,,,1.016788574922794,1.295116071374149,19.19,True,False,True
830,1328,7.749944026316243,0.15,5.595918749467827,2302973.361320619,182.03380828058073,0.0857435037569591,3,strong,1,7.7485,192.43841937169705,2.0075,1.0941019919100112,1.3214992449591936,17.12,True,True,True
831,797,31.187882064290765,0.25,9.045918749467829,70643.38980849597,51.15097110279636,0.1366533436151313,2,mild,1,31.1843,96.025447937996,1.46652,1.1878152246217897,1.3666335406570904,30.99,True,True,True
832,1440,3.828307448858488,0.1,2.6709187494678264,45012557.87838072,736.4237736781191,0.0786287135383815,3,strong,1,3.8287,640.9432224639668,2.59952,0.9066755264864548,0.9376497437861858,14.58,True,True,True
833,893,16.01341613138556,0.25,14.495918749467828,597755.3088159228,111.5940661519766,0.1028265932075778,2,mild,1,16.0128,185.36364780480045,2.00486,1.0706736837320667,1.344711203750434,23.14,True,True,True
834,1346,14.23066462581592,0.15,7.695918749467827,5438585.770980269,397.0392515542895,0.1210319607760169,3,strong,1,14.231,374.1258155421166,2.61932,1.1433014390836949,1.2366220233047949,8.77,True,True,True
835,1290,34.75404898167242,0.25,6.1459187494678265,387484.36186855414,127.06369168461572,0.1448751392411729,3,strong,1,34.7544,219.4582817071308,1.7009299999999998,1.0121029132872053,1.048498249489272,15.97,True,True,True
836,106,49.178151058458376,0.05,19.845918749467828,11582.258782249037,62.134957370359125,0.4084374256560634,0,mild,0,,,,1.1936723016662756,1.386261620597344,26.05,False,False,False
837,1068,18.747734573224843,0.15,9.895918749467826,832909.1597000235,178.98314915312602,0.1392348326199822,2,mild,1,18.7515,171.05777328551724,1.47906,1.096444822727806,1.032693969222968,22.61,True,True,True
838,221,16.433966122988597,0.05,13.245918749467828,14150.005451729055,38.59370749327852,0.2297528101025764,0,mild,0,,,,1.0472453755541222,1.304868105038624,20.16,True,False,True
839,415,6.697162094584942,0.05,1.9459187494678265,15242.364908941809,24.942681155443463,0.143400348945257,1,strong,0,,,,1.129244454176928,1.2698119560244372,10.82,True,False,True
840,48,48.23662461007429,0.05,6.945918749467827,10920.374808367804,52.25029858375885,0.3537718357117939,0,mild,0,,,,0.9511893120245496,1.0303927661035623,30.52,False,False,False
841,1135,31.1371672536795,0.25,14.995918749467828,510935.16539739154,137.56280254613833,0.1366533436151313,3,strong,1,31.1433,251.83315364003892,2.35785,1.1714154088972284,1.3568035677311168,21.99,True,True,True
842,720,3.868838561741414,0.25,3.4459187494678263,40568.16072466843,13.99933758347786,0.0507967736945797,1,strong,0,,,,1.0941019919100112,1.0019468432478509,19.71,True,False,True
843,116,3.1297447642841094,0.05,0.1459187494678261,8559.403771657413,12.76856539777605,0.0983904074028945,0,mild,0,,,,1.0121029132872053,0.8957479571028235,22.59,False,False,False
844,1168,21.443480249896353,0.25,7.095918749467827,1966659.0019161175,224.55991159440077,0.1139153809089968,3,strong,1,21.447,403.1133974433143,2.89487,1.1690725780794338,1.3166571609282534,9.57,True,True,True
845,857,22.661620510961036,0.25,12.945918749467827,5951487.713202966,406.594519324261,0.1185113657849943,2,mild,1,22.6612,457.6348525768459,2.36038,1.016788574922794,1.0075802265321572,31.21,True,True,True
846,703,49.63708565440406,0.1,3.370918749467826,40281.85515545091,75.85875517363162,0.2675504187020754,1,strong,0,,,,0.9324466654821938,1.0848199205544502,12.67,True,False,True
847,653,3.5244649096492884,0.05,0.5959187494678263,14155.430869110309,17.54214234419892,0.1050052795648371,1,strong,0,,,,1.096444822727806,1.0335883869941966,10.87,True,False,True
848,1381,10.874981874426023,0.15,8.495918749467826,544436.2161083751,104.3490504133484,0.1007806519720537,3,strong,1,10.8742,138.87104120969556,1.73954,1.1690725780794338,1.3479873904964543,11.1,True,True,True
849,459,12.087305488625466,0.1,10.420918749467829,18770.56895851921,26.869033476160737,0.1392348326199822,1,strong,0,,,,1.1854723938039953,1.1484523118911047,11.26,True,False,True
850,470,30.84624348779819,0.15,30.345918749467828,26065.9737195703,42.398742433831295,0.1861122600665755,1,strong,0,,,,0.903161280259804,1.0085752040723286,14.48,True,False,True
851,2,39.746058384489686,0.05,5.945918749467827,10575.047664845855,54.96764675657817,0.3781687860332273,0,mild,0,,,,1.091759161092217,1.0484212048448989,30.58,False,False,False
852,301,4.176504984128752,0.05,2.645918749467826,11287.675127653874,17.012570863209955,0.1139153809089968,0,mild,0,,,,1.136272946630538,1.1740402845168751,30.35,False,False,False
853,223,47.54199683042789,0.1,5.670918749467827,12087.572910952098,44.88424540034824,0.2889427981985323,0,mild,0,,,,0.9090183573042492,0.9477847116502072,25.91,False,False,False
854,538,30.697888597059727,0.1,5.620918749467827,24859.662855404713,47.5391349362958,0.2135635553092116,1,strong,0,,,,1.1936723016662756,1.386735652068645,10.2,True,False,True
855,1181,8.182452962964984,0.15,1.7459187494678263,16064419.110410905,519.6058478787197,0.0925233447876994,3,strong,1,8.1831,482.6124456089633,2.38865,0.9254181730288104,0.9929114436766278,11.07,True,True,True
856,1000,14.657682836258452,0.15,3.1959187494678263,4366608.364438977,355.76447038670915,0.1210319607760169,2,mild,1,14.6576,308.4074027840514,1.7831,0.9043326956686604,0.9271938854670052,30.31,True,True,True
857,1132,3.588938045686312,0.1,1.5709187494678265,482309.4016874653,73.20514566670124,0.0755928946018454,3,strong,1,3.5889,71.59199493382452,1.01607,1.108158976816778,1.096601037754205,8.03,True,True,True
858,410,6.043969327847913,0.1,3.6709187494678264,14432.820687877234,16.273364677985363,0.096598515294913,1,strong,0,,,,0.9207325113932217,0.9638560245768406,14.58,True,False,True
859,478,5.702010595956,0.05,0.9959187494678264,14884.172376696026,22.85282613464277,0.1330396562549454,1,strong,0,,,,0.9558749736601384,1.0430716808956049,14.58,True,False,True
860,395,33.303359310819516,0.15,4.295918749467827,22853.16832395732,39.69988128528877,0.1861122600665755,1,strong,0,,,,1.0905877456833195,1.0206709980746576,20.32,True,False,True
861,54,21.88462043508076,0.05,8.445918749467827,8847.043884547622,34.34539053895029,0.2584982508792982,0,mild,0,,,,0.9511893120245496,0.8599735894273668,22.06,False,False,False
862,391,17.899520674635532,0.1,15.370918749467828,25480.08381420811,37.62393137220576,0.1671315676162189,1,strong,0,,,,1.1714154088972284,1.3231747024334684,9.78,True,False,True
863,1205,11.903955684063776,0.15,6.045918749467827,17236518.68397057,648.384835364762,0.1111369461277755,3,strong,1,11.9043,562.4114301204803,2.48523,0.9301038346643994,0.9569665864792446,8.21,True,True,True
864,901,6.187316952438572,0.1,1.9209187494678264,2579904.445352386,216.5810553854182,0.0961659761151556,2,mild,1,6.1879,183.94831451316043,1.40855,0.9769604510202644,0.9483783201396572,24.62,True,True,True
865,1319,24.933784742231484,0.25,10.345918749467828,264820.72118478385,89.58164063541616,0.123723175277265,3,strong,1,24.9306,156.28742914407675,1.75032,1.1093303922256754,1.2785351948399533,20.78,True,True,True
866,676,41.00576833702397,0.05,22.745918749467823,11072.86627176892,49.60480772346549,0.3335650562207792,1,strong,0,,,,1.1878152246217897,1.3181403966877925,20.5,False,False,False
867,315,46.30046919372762,0.05,43.04591874946783,8828.553323998498,50.22393659259211,0.3781687860332273,0,mild,0,,,,0.9371323271177828,0.8837766823880734,21.28,False,False,False
868,643,8.034140880678319,0.1,6.7709187494678265,22598.79534363221,23.919059369143547,0.1132009427427743,1,strong,0,,,,1.030845559829561,1.1426815260676269,20.41,True,False,True
869,430,31.82017466322526,0.1,25.270918749467825,16820.0998744822,42.07774743130702,0.2297528101025764,1,strong,0,,,,1.030845559829561,0.9504628844973824,9.47,True,False,True
870,542,4.120247479469039,0.15,3.2959187494678264,15649.557927905198,11.516222135335132,0.066313210472657,1,strong,0,,,,0.9219039268021187,0.9947647592739058,14.35,True,False,True
871,755,41.41372772787513,0.25,5.595918749467827,3604470.3932380774,414.29632788265366,0.1548058511525273,2,mild,1,41.4133,686.8580527493987,2.91698,1.0730165145498611,1.016382573527134,20.8,True,True,True
872,837,29.846187519898123,0.25,14.345918749467828,116840.3962525485,65.78314437169844,0.1366533436151313,2,mild,1,29.836,122.59832751945665,1.42417,1.0730165145498611,1.1745643531008234,24.4,True,True,True
873,224,12.63275361098244,0.1,7.120918749467827,11055.587029172484,20.82192192177677,0.1405823186717711,0,mild,0,,,,1.1093303922256754,1.0373977833496515,28.58,False,False,False
874,549,3.83091154896579,0.15,1.7959187494678264,21701.58736072927,13.020892874749306,0.0637723951287916,1,strong,0,,,,0.9183896805754272,0.9703172572832875,11.54,True,False,True
875,1488,27.825116405617152,0.25,23.295918749467827,25388527.892421555,969.6988439033348,0.1366533436151313,3,strong,1,27.8276,1083.1949862079875,3.3968000000000003,0.9090183573042492,0.9424838394288834,15.6,True,True,True
876,1254,40.58855364632661,0.25,29.795918749467827,4215618.356885147,483.9431989675572,0.1671315676162189,3,strong,1,40.5935,844.4723828925208,3.47787,1.0531024525987964,1.0928935797719794,18.43,True,True,True
877,869,9.413341031611054,0.15,9.045918749467829,3272904.9257440204,253.32707393237231,0.0998033593156288,2,mild,1,9.4144,235.74194590735493,1.58829,0.9277610038466048,0.9446449896941104,25.08,True,True,True
878,1400,16.1430175534262,0.15,12.945918749467827,101960562.76399083,1859.1100729075,0.1307856701777375,3,strong,1,16.1421,1562.1198430252418,3.82195,0.9441608195711662,0.8830495682828979,17.45,True,True,True
879,449,9.101049284835932,0.15,7.045918749467827,23122.50119866514,21.087045421056796,0.0988545535543052,1,strong,0,,,,0.9219039268021187,1.0602849099770808,17.57,True,False,True
880,404,19.79017319177757,0.1,13.070918749467827,20325.5829668329,33.14634460041326,0.1648703558212973,1,strong,0,,,,1.194843717075173,1.435304704547194,17.74,True,False,True
881,844,4.888803181087307,0.15,3.145918749467826,15112963.746824607,387.78569948442265,0.0716546258585982,2,mild,1,4.8884,347.1662686281041,2.82557,1.1831295629862006,1.3848239503105513,31.0,True,True,True
882,181,15.965350486604626,0.05,3.9459187494678263,11906.107836530706,34.50522835242611,0.2239526708070477,0,mild,0,,,,1.0437311293274305,1.100289673516171,22.37,False,False,False
883,1340,12.296889603043171,0.15,4.245918749467827,654536.7981151672,127.91958393021446,0.1125,3,strong,1,12.2986,137.12056804053722,1.23937,0.9207325113932217,0.9665112946254344,21.33,True,True,True
884,1372,4.0263330962191475,0.15,3.7959187494678264,3734789.9976993017,175.68731610118363,0.065517472447564,3,strong,1,4.0261,176.11389317751534,2.0207,1.1468156853103866,1.3904721301701672,16.43,True,True,True
885,714,33.59551149004793,0.05,32.645918749467825,13420.277664078414,51.80787134032514,0.3164720516971595,1,strong,0,,,,0.9886746051092608,1.2261135061334754,9.17,False,False,False
886,835,9.358135298191325,0.15,0.2459187494678262,592918.662619873,106.78146830540916,0.0988545535543052,2,mild,1,9.3577,112.36705819714038,1.23123,1.108158976816778,1.0606618278626068,32.96,True,True,True
887,61,24.81744779889476,0.1,6.370918749467827,12037.584207699469,30.42972257476039,0.1965107659461692,0,mild,0,,,,1.155015593172667,1.2148525814604862,28.48,False,False,False
888,898,31.341022587183183,0.25,19.195918749467825,3946724.725285551,385.9183961685962,0.1379257703181171,2,mild,1,31.3425,439.60417124999833,2.0372,0.9207325113932217,0.8872786287669889,34.83,True,True,True
889,348,14.61740113434814,0.1,9.470918749467828,15391.52183677169,26.756022435968163,0.1530070776973354,0,mild,0,,,,1.1936723016662756,1.4245913010253266,34.72,True,False,True
890,1004,4.195906896249481,0.15,1.0959187494678264,8921748.319792103,275.55357543389067,0.0664488318288452,2,mild,1,4.1962,255.1515586912288,2.38238,1.194843717075173,1.361975130850005,33.37,True,True,True
891,957,46.03332924134545,0.25,8.145918749467826,56885.03900291776,56.21636723060769,0.1671315676162189,2,mild,1,46.0477,176.4550576839954,1.99606,1.173758239715023,1.37218855331136,30.75,True,True,True
892,7,12.21686472221996,0.05,1.4959187494678263,9629.722448736404,26.707915942290867,0.1928522847134572,0,mild,0,,,,1.0683308529142723,0.9910178497752004,21.62,False,False,False
893,469,47.05135041877097,0.15,40.34591874946783,39166.64305149321,64.20906892126774,0.2297528101025764,1,strong,0,,,,1.194843717075173,1.3589640329921298,9.28,True,False,True
894,513,3.1357927130110466,0.15,0.0959187494678261,13405.135396911915,9.255042800153008,0.0579399825338893,1,strong,0,,,,1.0472453755541222,0.9650868647290356,10.79,False,False,False
895,265,6.6817382007706545,0.05,2.095918749467826,10317.92525627566,20.52169111887708,0.143400348945257,0,mild,0,,,,1.0706736837320667,1.099421829706318,31.91,False,False,False
896,915,9.5087007512124,0.15,6.545918749467827,2482864.8541928157,222.83917313582077,0.1007806519720537,2,mild,1,9.5079,224.9240040175978,2.26457,1.1843009783950975,1.3788756507990432,34.32,True,True,True
897,487,5.561570491547986,0.25,1.6459187494678262,19193.298866128986,11.426576869441618,0.0596910034679414,1,strong,0,,,,0.948846481206755,1.0317567884723804,16.09,True,False,True
898,889,5.403680389270095,0.15,2.145918749467826,576521.6264405706,80.03621586094431,0.0755928946018454,2,mild,1,5.4032,87.67061814534696,1.23046,0.9968745129715414,1.2000455248803863,34.42,True,True,True
899,941,31.26937028337943,0.25,21.945918749467825,516918.7676168435,146.75926541120032,0.1448751392411729,2,mild,1,31.2698,248.4044398299818,1.81148,0.983988943473672,1.049569308221023,29.4,True,True,True
900,1121,26.478428188109024,0.25,23.895918749467825,9384632.33847616,559.304101495068,0.129701310350135,2,mild,1,26.4804,628.3577147758394,2.7250300000000003,0.9441608195711662,0.9927161058631988,32.69,True,True,True
901,954,4.402346822573639,0.1,2.0709187494678263,44515662.634330794,783.5873530014843,0.0839905049435063,2,mild,1,4.4026,663.5360378153464,2.81215,1.0636451912786833,0.9969272807916868,33.83,True,True,True
902,99,39.878499454975675,0.05,17.045918749467827,10074.986542844495,53.65228404895596,0.3781687860332273,0,mild,0,,,,1.0097600824694108,1.0776200166943564,26.27,False,False,False
903,1385,4.111753885965386,0.1,2.720918749467826,10250370.948129086,360.2103982243929,0.0805437254904977,3,strong,1,4.1118,321.31008694543215,1.94931,1.0636451912786833,0.9930611382165712,15.47,True,True,True
904,520,13.679642493425954,0.25,0.1459187494678261,27343.019232900788,20.95283791702111,0.0925233447876994,1,strong,0,,,,0.9781318664291856,1.042169925515687,11.77,True,False,True
905,784,5.755483559872455,0.15,1.7959187494678264,1488991.9982211278,132.3538927279759,0.0777227865337105,2,mild,1,5.7561,134.65530239910055,1.4615699999999998,1.0355312214651498,1.1501782381701722,29.65,True,True,True
906,1182,6.369250498233536,0.15,6.095918749467827,10728522.983162291,375.71901215435014,0.0820790788283842,3,strong,1,6.3691,368.8690409840409,2.1824,0.9043326956686604,1.0376610270212347,21.7,True,True,True
907,394,19.627886485967775,0.15,18.445918749467825,34498.16445800024,37.91336860638134,0.1448751392411729,1,strong,0,,,,0.9675891277491108,0.9256209449253446,20.4,True,False,True
908,638,48.23662461007429,0.25,31.945918749467825,64510.94683393183,65.57994959535105,0.1829982843991256,1,strong,0,,,,1.1714154088972284,1.330885406642439,13.73,True,False,True
909,541,29.64289008049959,0.15,19.245918749467823,51937.31929097831,56.97440175803643,0.1772148042592244,1,strong,0,,,,0.9090183573042492,0.8555038443730992,9.77,True,False,True
910,667,4.522116903633492,0.25,1.3459187494678264,24475.45017661883,11.660820005618712,0.054232614454664,1,strong,0,,,,0.9441608195711662,0.9811543763763048,18.41,True,False,True
911,990,8.520329236496249,0.15,3.2959187494678264,100285507.074396,1314.9374383596848,0.0936900396693081,2,mild,1,8.5194,1189.6514089666962,3.79753,1.016788574922794,1.0054225179965304,27.3,True,True,True
912,371,23.29006412744748,0.05,2.7959187494678264,13652.552130031563,40.07720803066407,0.2428543932457756,0,mild,0,,,,1.1854723938039953,1.3955148059159057,23.97,False,False,False
913,1113,4.679257408291297,0.1,2.770918749467826,834971.6257994412,109.60830364224282,0.0857435037569591,2,mild,1,4.6795,105.244721595809,1.04049,1.0097600824694108,0.9261791601243514,26.57,True,True,True
914,140,45.573177771701154,0.05,20.395918749467825,8192.21811570996,48.38009660331098,0.3781687860332273,0,mild,0,,,,1.0472453755541222,0.9570630388676394,33.6,False,False,False
915,22,6.243400852183252,0.05,0.7459187494678263,9806.065312174129,19.42051384903457,0.1392348326199822,0,mild,0,,,,1.0894163302746342,1.165329274690441,27.11,False,False,False
916,50,4.2591847648615015,0.05,0.8959187494678262,9804.968289202452,15.958524399775987,0.1146437515922332,0,mild,0,,,,0.9277610038466048,0.9092320733271746,32.91,False,False,False
917,947,24.676724137931036,0.15,10.845918749467828,14306552.075064331,845.7704202401599,0.1586041597913043,2,mild,1,24.6785,709.1178397928591,2.92699,1.0941019919100112,1.0037355102141885,33.57,True,True,True
918,1266,4.419008655653476,0.15,3.895918749467826,863670.3408776528,88.81103745206369,0.0687453921394543,3,strong,1,4.4192,101.77008275765446,1.29701,1.0097600824694108,1.1740606072811417,8.3,True,True,True
919,669,10.8799251436198,0.1,4.070918749467826,12480.948484627552,20.5689814886129,0.1307856701777375,1,strong,0,,,,0.9301038346643994,0.98766647902239,9.91,False,False,False
920,754,29.16431724057475,0.15,4.345918749467827,446319.4632977864,151.28839216878038,0.1606122069960768,2,mild,1,29.1697,159.19850708727344,1.2298,0.903161280259804,0.8900660772710814,31.31,True,True,True
921,877,22.52831152186321,0.25,10.695918749467827,245500.09630906588,82.57994381020295,0.1185113657849943,2,mild,1,22.53,134.3685355042261,1.68674,1.1468156853103866,1.328790786356004,31.32,True,True,True
922,201,20.572623782745858,0.1,19.970918749467828,10417.943739794086,26.353929169156903,0.1829982843991256,0,mild,0,,,,1.0730165145498611,1.1727343128936214,20.78,False,False,False
923,1139,45.2287141550492,0.25,41.645918749467825,20795.448733222216,33.989744150276124,0.1671315676162189,3,strong,1,45.2048,84.88168137297995,1.40756,1.136272946630538,1.3951380568959324,14.52,True,True,True
924,1335,21.093870854330248,0.15,0.9459187494678264,218352.04012508728,95.3834454812712,0.1448751392411729,3,strong,1,21.0926,121.46039953049548,1.33529,1.0812164224121417,1.1064084904224984,20.15,True,True,True
925,308,16.89805252840845,0.05,9.045918749467829,10722.076716667754,34.51582039308248,0.2360303082374914,0,mild,0,,,,1.101130484363395,1.17044446851588,21.94,False,False,False
926,439,4.37199111970425,0.1,3.9209187494678264,14392.19671949659,14.187651835604932,0.0845624643089311,1,strong,0,,,,1.0472453755541222,0.9626988264973784,20.74,True,False,True
927,809,40.11240762696,0.25,33.29591874946782,222739.00857787032,111.24023267432172,0.1671315676162189,2,mild,1,40.1094,205.06449754674912,1.7200700000000002,1.021474236558383,1.0968775256068286,20.64,True,True,True
928,66,17.606562380173568,0.1,5.570918749467827,14487.696189746652,27.984258306399305,0.1648703558212973,0,mild,0,,,,1.194843717075173,1.358563156952587,23.09,True,False,True
929,228,27.340417775509465,0.05,2.6959187494678263,11881.435677745145,44.49987954617619,0.2889427981985323,0,mild,0,,,,0.995703097562644,1.2019657925065952,29.94,False,False,False
930,850,24.208750948207683,0.15,17.545918749467827,4171534.413614012,435.448275480359,0.1512701184544283,2,mild,1,24.2037,374.2159564237658,1.95712,0.9066755264864548,0.923875733591034,24.2,True,True,True
931,202,13.48693971136987,0.05,7.545918749467827,12425.37904836911,32.17838178079747,0.2045032061809544,0,mild,0,,,,1.194843717075173,1.3646098630747467,23.55,False,False,False
932,1415,13.63095238095238,0.15,1.5459187494678264,766677.0104589266,146.9575976460055,0.1193337237508642,3,strong,1,13.6307,153.23908093384364,1.27589,1.030845559829561,0.9412082390886132,16.2,True,True,True
933,1211,31.557963391542188,0.25,22.595918749467828,106141.4845111212,66.50234473031796,0.1448751392411729,3,strong,1,31.5564,104.66182033907114,1.2067,0.9207325113932217,1.0771158747914031,16.96,True,True,True
934,863,29.316129620701787,0.25,2.595918749467826,42961.62295294737,37.842490647836314,0.129701310350135,2,mild,1,29.3247,59.86483293531869,1.1671,1.1831295629862006,1.3774613997076488,34.18,True,True,True
935,782,12.886094581359789,0.15,9.345918749467828,620816.1407929808,129.53306379464092,0.116917138035187,2,mild,1,12.8864,139.70595133206234,1.46421,1.1468156853103866,1.1312358789510537,27.76,True,True,True
936,1029,10.790412039623714,0.15,7.1459187494678265,12631163.521180963,521.1889534388536,0.1044473848444829,2,mild,1,10.7924,445.4393431159666,2.4323200000000003,0.983988943473672,1.0524068839440806,25.68,True,True,True
937,272,22.538918496553936,0.05,8.045918749467827,10898.914552816032,38.120710998644,0.2584982508792982,0,mild,0,,,,0.9324466654821938,1.1961451667391934,32.24,False,False,False
938,558,4.137876812220569,0.1,2.520918749467826,15447.633210965116,14.072902317139771,0.081045568524703,1,strong,0,,,,1.190158055439584,1.4330108008922022,15.81,True,False,True
939,753,5.963035896022391,0.15,1.9959187494678263,18013050.676164936,470.1266070979287,0.0793301475927022,2,mild,1,5.9631,444.05577337208024,2.3734699999999997,0.9816461126558772,1.0285425011682812,27.93,True,True,True
940,176,4.379390485311035,0.05,0.8459187494678263,14700.32357425583,19.932537283232524,0.116917138035187,0,mild,0,,,,1.194843717075173,1.366325865960993,21.8,True,False,True
941,1206,28.16067137278462,0.25,1.1459187494678262,6301504.264315341,458.3122757944028,0.129701310350135,3,strong,1,28.1642,780.209555188898,3.859129999999999,1.1198731309057504,1.2616562171619523,19.95,True,True,True
942,920,39.160799603157336,0.25,21.545918749467827,263365.4671360846,111.98755609783586,0.1548058511525273,2,mild,1,39.1686,211.14516102310856,1.82776,1.0566166988253,1.1486450839675828,23.45,True,True,True
943,1235,5.9009241155203425,0.15,3.095918749467826,3271174.3056967757,199.12457820372,0.0788603778083793,3,strong,1,5.9016,204.095511074872,1.91862,0.983988943473672,1.2263925307464438,12.2,True,True,True
944,132,19.087866499253423,0.05,5.695918749467827,9690.692959503012,33.76509328652023,0.2428543932457756,0,mild,0,,,,1.1643869164438791,1.2728663973305652,26.02,False,False,False
945,63,35.71337867760855,0.05,35.145918749467825,8251.699549037774,45.41943292533982,0.3537718357117939,0,mild,0,,,,0.903161280259804,0.8551653523057802,26.07,False,False,False
946,200,41.95820823154243,0.05,26.095918749467828,9114.0363600447,55.118165063932416,0.4084374256560634,0,mild,0,,,,0.9019898648510196,0.9335879910310492,28.73,False,False,False
947,911,5.773879637542247,0.15,2.9459187494678263,2898198.802522467,184.1115477578922,0.0775013350930924,2,mild,1,5.773,179.76758696192067,2.05942,1.194843717075173,1.4026408647528752,30.61,True,True,True
948,981,8.36474865880726,0.15,6.545918749467827,1309838.5096761144,151.59031293843924,0.0944934618692138,2,mild,1,8.3657,144.25171246505573,1.5994,1.1151874692701615,1.2160567951185932,31.49,True,True,True
949,826,10.812346669806356,0.15,3.5459187494678264,1781053.163128945,201.1926464367008,0.1073316445442934,2,mild,1,10.814,184.60658145851409,1.37885,1.016788574922794,0.926724595210338,26.87,True,True,True
950,4,10.997399639273269,0.05,9.695918749467827,10261.073093935078,27.56953914086406,0.1928522847134572,0,mild,0,,,,1.096444822727806,1.0382020108844665,30.75,False,False,False
951,699,41.25312846652426,0.05,7.945918749467827,13070.975541713004,51.12920015355806,0.3164720516971595,1,strong,0,,,,1.0097600824694108,1.123964088968599,9.88,False,False,False
952,815,7.887209149467596,0.15,0.2959187494678262,6244718.762913087,314.8372913843584,0.0899660442262476,2,mild,1,7.8872,321.95727975022567,1.73789,0.974617620202494,0.8844645189641449,27.43,True,True,True
953,369,45.20735799393197,0.1,14.020918749467826,13793.045668230328,39.14793263766771,0.2360303082374914,0,mild,0,,,,1.0472453755541222,1.255007351803233,26.16,False,False,False
954,118,29.716495185767307,0.05,10.895918749467826,11600.022073789156,45.92488347842724,0.3017675832604191,0,mild,0,,,,1.0566166988253,1.1491245532030696,34.14,False,False,False
955,484,4.803929104453712,0.25,0.8459187494678263,54241.053429580534,17.810085425484168,0.055559842745866,1,strong,0,,,,1.096444822727806,1.0335883869941966,19.78,True,False,True
956,188,44.49305885144756,0.05,9.745918749467828,14675.493419486664,60.57122546945592,0.3537718357117939,0,mild,0,,,,1.108158976816778,1.217638926048088,27.25,True,False,True
957,644,3.2660860097985847,0.25,2.295918749467826,30805.70914031459,11.190462900165391,0.0468990510906769,1,strong,0,,,,0.9207325113932217,1.0478015206525149,15.64,True,False,True
958,1411,13.229755594168129,0.15,3.5459187494678264,4750025.587399095,351.2510327164778,0.1146437515922332,3,strong,1,13.2298,302.0351864376404,2.0634900000000003,0.9769604510202644,1.0842535539684477,8.26,True,True,True
959,761,15.495084451025292,0.15,8.895918749467826,11007618.216391318,600.7541221594062,0.1286438110784691,2,mild,1,15.4963,487.7176391935414,2.6131599999999997,0.9781318664291856,1.0805354662325115,29.29,True,True,True
960,781,28.917671857026267,0.15,8.695918749467827,6291843.850380261,560.8851865747687,0.1586041597913043,2,mild,1,28.9179,462.4368176220076,2.20737,1.016788574922794,0.9373595099134224,26.61,True,True,True
961,618,5.170511932215777,0.1,4.970918749467827,57109.17836510066,29.98928374616313,0.0896181995912459,1,strong,0,,,,1.1878152246217897,1.31297655452024,10.14,True,False,True
962,1279,27.873721637542825,0.25,20.745918749467823,163597.0955696947,77.84055297700851,0.1366533436151313,3,strong,1,27.8791,124.960124391523,1.40261,1.0613023604607903,1.1457990620612364,20.03,True,True,True
963,1391,9.451441077752246,0.15,5.245918749467827,3056623.7458149963,240.15025743782311,0.0979328832365827,3,strong,1,9.4517,235.65889374257443,1.58983,0.9722747893846996,0.9457275190507648,8.97,True,True,True
964,142,9.300861908600483,0.05,8.245918749467826,10561.885146391429,24.56697568036224,0.1694891961437145,0,mild,0,,,,1.1761010705328172,1.3122458075907324,28.13,False,False,False
965,1189,4.622774188444939,0.25,3.095918749467826,230724.74773654045,36.41434191821179,0.0551057360770457,3,strong,1,16.7604,95.3801770698034,1.25796,1.0894163302746342,1.1762375119939943,11.19,True,False,False
966,381,11.18105716692384,0.15,0.6959187494678263,19374.023328814288,20.634987533880192,0.105572392253238,1,strong,0,,,,1.129244454176928,1.2934605875932546,17.98,True,False,True
967,194,6.659429845007704,0.1,0.3209187494678262,15203.417066751015,17.52540266933239,0.1012804292516761,0,mild,0,,,,1.0941019919100112,1.3636551874549696,22.94,True,False,True
968,328,3.5165682776212197,0.05,1.0459187494678264,9683.731177223512,14.430948803912749,0.1044473848444829,0,mild,0,,,,1.0027315900160276,0.9783304288636924,29.74,False,False,False
969,1267,24.869018801604938,0.15,21.195918749467825,531647.3149959865,165.11803315080112,0.1606122069960768,3,strong,1,32.1659,51.55078553170477,1.08746,1.1831295629862006,1.383097841275059,9.91,True,False,False
970,117,23.882652655043387,0.1,11.170918749467829,8752.06527720554,25.946787673125783,0.1965107659461692,0,mild,0,,,,0.9207325113932217,0.9665112946254344,34.93,False,False,False
971,892,18.181652888554876,0.15,15.845918749467828,195187.80657840037,88.36012824309398,0.1419701412105178,2,mild,1,18.1793,106.3207067635897,1.28546,1.1761010705328172,1.1384314779506433,20.92,True,True,True
972,1271,3.0723962622029406,0.1,0.9709187494678264,56712577.38761422,734.9284214424866,0.0701526506632401,3,strong,1,3.0724,683.2053686552081,2.59523,0.9886746051092608,0.9066871768092664,14.13,True,True,True
973,187,3.9198426435603113,0.1,2.470918749467826,8641.727674349462,10.173187534051827,0.0783991533556602,0,mild,0,,,,0.9886746051092608,1.001025360670931,28.4,False,False,False
974,749,6.305074913792741,0.15,0.2459187494678262,16218.278681543725,14.466102170934608,0.0813001578720744,1,strong,0,,,,1.065988022096431,1.148544328173681,12.7,True,False,True
975,995,38.32986933337877,0.15,35.84591874946783,4043889.676440092,537.4469858533618,0.1893918594207356,2,mild,1,38.3233,712.6630242812324,2.78663,0.9371323271177828,0.9532228643753032,32.34,True,True,True
976,879,4.661714034713317,0.15,2.145918749467826,199244.1463767604,43.665118218778574,0.0703146726900036,2,mild,1,4.6619,46.97339517792442,1.04335,1.1936723016662756,1.3901488364083945,25.31,True,True,True
977,674,47.970768837149805,0.15,2.2959187494678264,60183.042802653224,75.70811292165092,0.2185723457965899,1,strong,0,,,,1.0074172516516164,1.0519489096679189,11.13,True,False,True
978,723,31.382114388132983,0.05,12.545918749467829,13473.55470302152,51.91060528065825,0.3164720516971595,1,strong,0,,,,0.9675891277491108,1.1661054634227617,15.94,False,False,False
979,250,3.220168084064932,0.1,0.8709187494678263,13149.87055592546,11.43872733933006,0.0716546258585982,0,mild,0,,,,1.0343598060562529,1.116700830249287,28.6,False,False,False
980,447,6.190117217215703,0.15,1.4459187494678265,16217.531096791748,14.237947138190142,0.0800514075335422,1,strong,0,,,,1.1198731309057504,1.2959069545707975,8.86,True,False,True
981,535,44.28724681613291,0.25,9.745918749467828,39571.919012682214,46.887524408407536,0.1671315676162189,1,strong,0,,,,1.140958608265676,1.3937524983890577,13.69,True,False,True
982,565,3.3975183698616487,0.25,1.2459187494678263,19617.062469610897,9.040893777168572,0.0474341649025256,1,strong,0,,,,1.101130484363395,1.1627501447345647,12.45,True,False,True
983,1012,31.056365731953925,0.25,26.545918749467827,154986.3061431787,80.36020629618726,0.1448751392411729,2,mild,1,31.0703,143.67899833877027,1.75505,1.136272946630538,1.3370575595634997,30.04,True,True,True
984,1387,11.826025481992303,0.15,2.995918749467826,1136520.143535998,165.48724287716047,0.110474051467393,3,strong,1,11.8272,178.44840731899995,1.27633,0.9511893120245496,0.8724969053674971,9.58,True,True,True
985,929,10.45118090668178,0.15,4.995918749467827,6786958.118783864,382.04199844519337,0.1044473848444829,2,mild,1,10.4519,336.1711399880455,2.06613,1.096444822727806,1.0290457566398423,24.69,True,True,True
986,262,12.636088185986956,0.05,6.345918749467827,8087.600718412557,25.436353069435963,0.2003869223968956,0,mild,0,,,,0.9277610038466048,0.8659412690762539,29.19,False,False,False
987,819,22.99913622586927,0.15,20.845918749467828,14619768.196606057,824.6145878207545,0.1530070776973354,2,mild,1,23.0044,702.3076172876824,2.73966,0.903161280259804,0.9440396504888,22.06,True,True,True
988,627,35.86052182783188,0.15,30.595918749467828,34435.93418285718,51.467640455590555,0.1965107659461692,1,strong,0,,,,1.1831295629862006,1.3944048741062534,21.85,True,False,True
989,1097,8.762055529917577,0.15,7.795918749467827,3257601.1123897433,245.61340868473764,0.0970370849565969,2,mild,1,8.763,233.03899053608615,1.6071,1.030845559829561,0.9613595875318564,25.13,True,True,True
990,940,4.421457557505429,0.1,2.020918749467826,22467921.71966149,554.7790096825978,0.083708979127606,2,mild,1,4.4216,468.53726107452695,2.33178,0.9675891277491108,0.9837228552842272,27.64,True,True,True
991,1492,5.980169098240177,0.15,4.8959187494678265,26161670.314852424,571.8573938803761,0.0800514075335422,3,strong,1,5.98,572.5040471276467,2.8063200000000004,0.974617620202494,1.0710387079289494,21.55,True,True,True
992,300,32.567017919694294,0.05,3.895918749467826,11020.305134236054,46.94742833049762,0.3164720516971595,0,mild,0,,,,1.194843717075173,1.3646098630747467,28.81,False,False,False
993,84,43.01384135966506,0.05,6.695918749467827,9761.139677953475,46.57405018523005,0.3335650562207792,0,mild,0,,,,1.0355312214651498,1.0778250393169724,32.49,False,False,False
994,1479,3.2937267784521604,0.15,1.0959187494678264,72990531.22093767,703.4565083393579,0.0595945634764133,3,strong,1,3.2937,711.3068672838041,3.44102,1.0706736837320667,1.1781916811083166,10.23,True,True,True
995,207,6.238519009401069,0.05,3.495918749467826,10576.736381435663,20.16922291840073,0.1392348326199822,0,mild,0,,,,1.030845559829561,1.149908625052538,20.73,False,False,False
996,318,4.83473778194176,0.1,3.120918749467826,8908.27367389954,11.44569895708295,0.0866635473106224,0,mild,0,,,,1.0706736837320667,1.0218597799319002,33.58,False,False,False
997,737,37.08280454238294,0.1,10.020918749467826,16884.848333647657,37.51094099686966,0.2045032061809544,1,strong,0,,,,1.0706736837320667,1.0228466566531145,10.13,True,False,True
998,422,19.311169094233065,0.15,8.095918749467828,34473.51711625218,37.13409059947595,0.1419701412105178,1,strong,0,,,,1.103473315181189,1.3747358082442007,18.22,True,False,True
999,727,23.518912449236655,0.15,21.595918749467828,32166.579711611394,40.61487646588432,0.1606122069960768,1,strong,0,,,,1.016788574922794,0.9255340134827756,18.58,True,False,True
1000,1356,44.57592027578555,0.25,10.845918749467828,55943.48285504198,55.749181785247345,0.1671315676162189,3,strong,1,44.5667,208.3105741775894,2.27392,1.194843717075173,1.4387216514981906,16.28,True,True,True
1001,226,18.41242757537071,0.05,2.995918749467826,11451.033145911644,35.669833420026016,0.2360303082374914,0,mild,0,,,,1.1878152246217897,1.3052696310630585,32.88,False,False,False
1002,762,8.677085944580497,0.15,3.1959187494678263,81566.17943299297,37.34024190496424,0.0932961259646332,2,mild,1,8.677,44.28398941334381,1.01024,1.1936723016662756,1.38630390635029,26.88,True,True,True
1003,74,7.002317066149205,0.1,3.9209187494678264,8190.938835347898,13.4171768171963,0.105572392253238,0,mild,0,,,,1.0343598060562529,0.9455317029660296,29.63,False,False,False
1004,645,3.720886195796251,0.25,1.1959187494678265,300758.1661771834,37.058399313963534,0.0494834632248838,1,strong,0,,,,1.101130484363395,1.3231581534714647,21.29,True,False,True
1005,764,15.154173598528988,0.15,10.145918749467826,535850.5263454452,129.40374395006955,0.1256218943859993,2,mild,1,15.1565,132.96819913578693,1.2496,1.0074172516516164,0.9895879059495724,26.24,True,True,True
1006,1272,41.28870945542965,0.25,30.195918749467825,1515948.984770142,290.2057684519482,0.1671315676162189,3,strong,1,41.2751,512.4892418855227,2.8975099999999996,1.0941019919100112,1.1687989770788831,17.99,True,True,True
1007,841,10.086726322301825,0.15,9.345918749467828,1273303.0109692342,165.47767357245297,0.1044473848444829,2,mild,1,10.0878,154.34225601352117,1.44661,1.1479871007192837,1.0633256661527315,24.08,True,True,True
1008,457,37.32859382647432,0.15,13.545918749467829,11647.606283627234,30.525538532353178,0.2003869223968956,1,strong,0,,,,0.9863317742915458,1.155631066746505,17.84,False,False,False
1009,955,3.5652824986332625,0.1,2.120918749467826,74680736.23133332,905.9069660365532,0.0751883372589413,2,mild,1,3.5651,786.8189448947293,3.1624999999999996,1.112844638452367,1.0295569768985,34.45,True,True,True
1010,292,16.738520711820023,0.05,15.095918749467828,10115.723630081357,31.805225404139737,0.2239526708070477,0,mild,0,,,,1.0730165145498611,1.213170284272327,23.07,False,False,False
1011,305,38.48393883415435,0.05,12.595918749467828,7661.267742229628,41.26140984888539,0.3335650562207792,0,mild,0,,,,0.903161280259804,0.8900660772710814,24.67,False,False,False
1012,772,31.799037517048383,0.25,4.295918749467827,465992.79655249143,131.37348463410373,0.1366533436151313,2,mild,1,31.8023,259.36553241152893,2.44112,1.1690725780794338,1.384172619456668,25.03,True,True,True
1013,1137,45.357276053583846,0.25,11.845918749467828,2778082.791020141,392.8586677603693,0.1671315676162189,3,strong,1,45.358,729.8199391778453,3.37029,1.0800450070032448,1.1392437783981126,14.49,True,True,True
1014,773,20.436492617638645,0.15,9.745918749467828,1532824.531935257,252.72057460886663,0.1448751392411729,2,mild,1,20.4381,243.2219326136817,1.80829,1.096444822727806,1.0588244688271038,33.05,True,True,True
1015,798,30.137431267622613,0.15,12.045918749467829,262792.0227743912,128.15811103242532,0.1772148042592244,2,mild,1,30.1396,164.3567031281072,1.4498,1.096444822727806,1.032693969222968,32.96,True,True,True
1016,1326,39.66372851476421,0.25,12.045918749467829,427252.8114109824,142.6372040245866,0.1548058511525273,3,strong,1,39.6668,365.2802068184885,2.56443,1.021474236558383,1.2252791256096065,13.08,True,True,True
1017,634,28.14411518206722,0.05,27.445918749467825,13372.005581847086,47.20876610307147,0.2889427981985323,1,strong,0,,,,1.1690725780794338,1.1061602172317762,16.52,False,False,False
1018,93,10.920879232891872,0.05,6.295918749467827,10850.119047846943,27.354781524722625,0.1861122600665755,0,mild,0,,,,1.0343598060562529,1.1137438636982415,32.64,False,False,False
1019,812,23.542044877865035,0.15,0.4459187494678262,195207.7877049463,90.18679405012372,0.1448751392411729,2,mild,1,23.5442,119.6682557049455,1.37863,0.9582178044779328,1.1508414628111137,32.35,True,True,True
1020,96,4.175412126914491,0.05,1.5459187494678264,13250.432045699534,18.43243521183377,0.1139153809089968,0,mild,0,,,,1.194843717075173,1.4423924009232425,33.92,False,False,False
1021,1022,6.125169979132893,0.1,3.520918749467826,74842456.026316,1064.8833769288226,0.0879391124952054,2,mild,1,6.1256,950.9496343296408,3.0657,0.995703097562644,0.9078375705602062,29.26,True,True,True
1022,1035,5.6134172629562,0.15,3.095918749467826,241996.61273725267,52.89280387883376,0.0770642641465033,2,mild,1,5.6135,59.78765217957186,1.14466,1.173758239715023,1.3518484673392248,24.07,True,True,True
1023,525,22.927536379570377,0.15,1.7959187494678264,19634.100729983813,30.219430627348153,0.1530070776973354,1,strong,0,,,,1.0425597139185332,1.0528365472683987,19.61,True,False,True
1024,1310,22.30265212154855,0.25,13.545918749467829,22646506.41918823,793.1390942043072,0.1185113657849943,3,strong,1,22.3035,911.9843409860288,3.3543399999999997,0.9043326956686604,1.0143098578724088,15.65,True,True,True
1025,802,3.349967094781917,0.1,0.7709187494678262,22804064.94376751,483.61952563673714,0.072713919698109,2,mild,1,3.3504,430.1121657019845,2.34795,0.9781318664291856,1.0338445361660376,21.3,True,True,True
1026,867,4.279555596133436,0.1,2.8209187494678263,49574468.84890292,810.3181359456438,0.0823439093093264,2,mild,1,4.2796,688.560805958315,2.70347,0.9019898648510196,0.940822426994497,24.95,True,True,True
1027,481,3.6080081206943,0.15,2.495918749467826,17732.47740709476,11.439711182292957,0.0620571787242324,1,strong,0,,,,0.9254181730288104,0.882257141322936,17.39,True,False,True
1028,1398,5.289050360490182,0.1,2.020918749467826,1816219.849654963,169.7907138287007,0.0899660442262476,3,strong,1,5.2891,149.4332600066274,1.37753,1.096444822727806,1.0290457566398423,16.14,True,True,True
1029,379,20.87312889354813,0.1,18.020918749467825,63491.417815315224,64.0017226659868,0.1800364610754255,1,strong,0,,,,1.0531024525987964,1.2910685310951306,13.6,True,False,True
1030,1166,40.281171952627766,0.25,13.695918749467827,1233372.022694966,242.34686109110768,0.1548058511525273,3,strong,1,40.2796,441.5202658478533,2.45696,0.9066755264864548,1.0677756695396516,12.93,True,True,True
1031,97,4.638226860145584,0.05,0.3959187494678262,12085.733139698274,18.45110259669471,0.1193337237508642,0,mild,0,,,,1.1690725780794338,1.3140661610125075,31.35,False,False,False
1032,656,10.735962857101958,0.05,0.6459187494678262,11975.089257832087,28.737923110031367,0.1861122600665755,1,strong,0,,,,1.096444822727806,1.033060147194224,13.25,False,False,False
1033,690,34.25664410728016,0.15,30.145918749467825,29238.67741208626,45.69985730837857,0.1893918594207356,1,strong,0,,,,1.0706736837320667,1.1785715298911636,8.21,True,False,True
1034,255,8.762055529917577,0.05,5.595918749467827,14124.093996013,27.264874256288262,0.1626991726110283,0,mild,0,,,,1.1198731309057504,1.258815191879337,29.93,False,False,False
1035,171,41.16444371260772,0.05,10.945918749467827,7998.031710746365,47.80326262250416,0.3781687860332273,0,mild,0,,,,0.9781318664291856,0.9640395912069462,26.97,False,False,False
1036,1033,33.773276192048755,0.15,22.745918749467823,1358989.648832616,306.1428164393569,0.1861122600665755,2,mild,1,33.769,330.236367759398,1.78189,0.9371323271177828,0.8954177455578514,29.96,True,True,True
1037,95,28.28546644288974,0.05,24.895918749467825,8354.670988760694,38.97474937527606,0.3017675832604191,0,mild,0,,,,0.9968745129715414,1.0777068448906804,21.86,False,False,False
1038,1227,41.88478507734982,0.25,7.995918749467827,702562.9256361587,182.9081119339589,0.1548058511525273,3,strong,1,41.8866,389.2680887142084,2.79378,1.1655583318527425,1.2930789996578778,16.37,True,True,True
1039,69,40.23039373457783,0.05,9.345918749467828,9918.746181497689,49.796451132328926,0.3537718357117939,0,mild,0,,,,1.0905877456833195,1.048324589705111,34.41,False,False,False
1040,956,48.90184529113869,0.25,37.995918749467826,45210.99547516384,54.90051334014029,0.1829982843991256,2,mild,1,48.905,113.32298436073742,1.5183300000000002,1.096444822727806,1.3024600989334614,30.61,True,True,True
1041,334,11.610898094201069,0.05,1.8459187494678264,8145.355027637272,23.70123673135378,0.1861122600665755,0,mild,0,,,,1.016788574922794,0.9309455341487014,30.31,False,False,False
1042,1299,3.892748605700731,0.15,2.145918749467826,41208051.89238898,576.4746300854612,0.0647512177140571,3,strong,1,3.8924,515.0524307077059,3.44795,1.1714154088972284,1.3873706244595,20.73,True,True,True
1043,1034,8.546950916073742,0.15,8.145918749467826,10079778.42874048,424.25940575356213,0.0953184483951077,2,mild,1,8.5465,367.5837620907559,2.9693400000000003,1.194843717075173,1.4142918069078991,30.37,True,True,True
1044,67,4.860509527996388,0.05,0.2459187494678262,14638.188597926615,21.0613739500642,0.123723175277265,0,mild,0,,,,1.194843717075173,1.3886446965566754,23.39,True,False,True
1045,999,13.483141017381849,0.15,13.045918749467829,25985958.978025008,849.6070820291156,0.1185113657849943,2,mild,1,13.4834,698.2329290516775,3.28878,1.140958608265676,1.1365588168985188,27.54,True,True,True
1046,855,11.67888231965907,0.15,6.745918749467827,31150467.726596855,861.2071777535365,0.109823083284368,2,mild,1,11.6777,705.6350733209304,3.33289,0.9219039268021187,1.145745490639091,20.55,True,True,True
1047,1313,13.124567968569988,0.15,3.0459187494678264,135945.87582849912,56.892939521044376,0.109823083284368,3,strong,1,42.2714,102.06333201422488,1.2357399999999998,0.9066755264864548,1.11699052558335,8.74,True,False,False
1048,849,9.04174411011202,0.15,8.295918749467827,6751745.975444746,341.1882374434047,0.0936900396693081,2,mild,1,9.0404,310.4093738826449,2.21375,1.0531024525987964,1.1474094337128409,26.72,True,True,True
1049,728,28.512907272934644,0.15,7.295918749467827,15300.543467039215,29.155277268674535,0.1671315676162189,1,strong,0,,,,0.9781318664291856,1.001734052036268,21.02,True,False,True
1050,388,43.286101812305205,0.1,34.17091874946782,20854.52658573737,52.73142843471037,0.2584982508792982,1,strong,0,,,,1.1643869164438791,1.2969850710332045,18.43,True,False,True
1051,40,49.38106995884773,0.05,38.04591874946782,9324.049831546345,55.74958843359697,0.4084374256560634,0,mild,0,,,,1.0542738680075054,1.1769549065759155,34.32,False,False,False
1052,786,33.5719508191829,0.15,17.795918749467827,238825.0201524096,126.18109212620028,0.1829982843991256,2,mild,1,33.5728,168.72496959782993,1.43825,1.0847306686388336,1.0111182736619289,34.78,True,True,True
1053,1240,5.100274743957674,0.1,2.870918749467826,173002.99382278376,52.19632741519648,0.0896181995912459,3,strong,1,5.1006,67.92986038736096,1.00386,1.021474236558383,1.1122439305738263,19.91,True,True,True
1054,532,8.873308592409716,0.1,6.820918749467827,11126.840224975747,17.341436257871806,0.116917138035187,1,strong,0,,,,1.0613023604607903,0.9692971044349776,19.41,False,False,False
1055,514,15.32395929820738,0.15,15.295918749467829,54913.8548703269,31.544273371579656,0.1276120842139765,1,strong,0,,,,1.1690725780794338,1.320221302359354,16.45,True,False,True
1056,733,41.95820823154243,0.1,29.620918749467823,15089.91087117913,50.149627567874546,0.2889427981985323,1,strong,0,,,,1.1936723016662756,1.386261620597344,18.96,True,False,True
1057,688,13.06189804413327,0.1,0.1709187494678262,78548.66595552073,54.964557095921336,0.1392348326199822,1,strong,0,,,,1.0812164224121417,1.219639987821782,8.21,True,False,True
1058,543,3.616048074149135,0.25,3.595918749467826,79964.67585135893,19.02678765562924,0.0490192970106014,1,strong,0,,,,0.9277610038466048,0.8962446453798025,12.76,True,False,True
1059,1038,21.48197125139041,0.15,11.695918749467827,32475.58248525751,37.17444929281029,0.1463968722805013,2,mild,1,21.4788,48.47062507651426,0.99726,1.136272946630538,1.3080560251852755,33.68,True,True,True
1060,596,32.31420507996237,0.15,6.845918749467827,22010.188305440333,37.68304855950597,0.1800364610754255,1,strong,0,,,,1.0636451912786833,0.9930627694582254,16.41,True,False,True
1061,770,7.571591786736485,0.15,5.995918749467827,549787.559128962,93.41727170518664,0.0899660442262476,2,mild,1,7.5706,107.62205189375442,1.53747,1.112844638452367,1.353359800515599,32.14,True,True,True
1062,1099,28.25207973630513,0.25,21.395918749467825,343891.8334358486,112.85714231584149,0.1366533436151313,2,mild,1,28.2506,227.96471277959444,2.33167,1.1936723016662756,1.4102318778856704,34.54,True,True,True
1063,562,11.02907114968419,0.05,7.245918749467827,14257.732956336524,30.830431888353996,0.1829982843991256,1,strong,0,,,,1.108158976816778,1.2164268611834634,18.76,True,False,True
1064,697,41.81161844232592,0.1,30.820918749467825,88518.87284053615,108.63938686654215,0.2584982508792982,1,strong,0,,,,1.0683308529142723,1.1967935480734797,14.53,True,False,True
1065,461,10.096299470711903,0.15,9.995918749467828,15336.452953695823,18.063983770284523,0.1038984620604907,1,strong,0,,,,1.0894163302746342,1.1718651840958922,21.14,True,False,True
1066,1091,39.995111545640384,0.25,25.245918749467823,287634.98850494245,117.03377381987248,0.1548058511525273,2,mild,1,39.9956,471.0450783890208,3.3732599999999997,1.194843717075173,1.4193053413035517,23.51,True,True,True
1067,56,33.46633546285485,0.05,22.645918749467825,12063.4158539306,51.77604734480264,0.3335650562207792,0,mild,0,,,,1.1643869164438791,1.307593997944798,30.19,False,False,False
1068,1351,20.996724401806713,0.15,15.295918749467829,24316461.78212807,1017.2232078352524,0.1463968722805013,3,strong,1,20.9983,928.6256223938326,3.43398,1.096444822727806,1.0290457566398423,16.06,True,True,True
1069,1082,6.105639220677369,0.15,0.2959187494678262,21320803.194042783,514.6403579808364,0.0798087276702166,2,mild,1,6.1056,506.56897711830214,2.36071,0.9511893120245496,0.9578127212529158,27.34,True,True,True
1070,402,4.226842471601717,0.15,0.8959187494678262,33414.174877570294,16.89944491010968,0.0665853342642525,1,strong,0,,,,0.903161280259804,0.8900660772710814,20.0,True,False,True
1071,227,4.247281177498854,0.05,0.6959187494678263,15486.952235058605,20.18790168905143,0.1153865119569403,0,mild,0,,,,1.1714154088972284,1.3336490247492854,24.61,True,False,True
1072,554,37.15475885757693,0.15,13.545918749467829,54199.882839600614,65.84823936270473,0.2003869223968956,1,strong,0,,,,1.140958608265676,1.256809607074527,18.93,True,False,True
1073,868,6.462544000620426,0.15,3.645918749467826,3899807.5757339234,228.02945937557936,0.0826114068985817,2,mild,1,6.4627,227.5500087078729,1.6139199999999998,1.0800450070032448,0.9770140995414476,21.83,True,True,True
1074,887,24.61961427985228,0.25,20.145918749467825,1920558.07222511,241.2441283458874,0.123723175277265,2,mild,1,24.62,416.790087280976,2.5267,0.9066755264864548,1.1301920435778336,34.67,True,True,True
1075,1165,23.835087477686965,0.15,11.445918749467827,1471271.0983214225,258.6038650419017,0.1512701184544283,3,strong,1,23.8333,309.426482429204,2.05271,0.9722747893846996,1.0656292035463046,20.16,True,True,True
1076,899,12.085779666206497,0.15,5.245918749467827,7282117.585959319,424.03463595893027,0.1118121345392505,2,mild,1,12.0869,358.11560775256504,2.39349,1.065988022096431,1.1549874058000833,27.29,True,True,True
1077,891,5.121829624056557,0.15,4.045918749467827,58497719.57002079,788.8701830076474,0.0740140588894029,2,mild,1,5.1213,719.3061373923456,3.47853,1.0531024525987964,1.1843938024353795,23.1,True,True,True
1078,545,40.29812652242441,0.1,31.670918749467827,32281.33371465714,67.90890296635541,0.2675504187020754,1,strong,0,,,,1.194843717075173,1.4230638648009912,17.2,True,False,True
1079,155,3.675180028569351,0.05,0.5459187494678263,8146.022048489488,13.529843873709517,0.10673530386975,0,mild,0,,,,1.096444822727806,1.0290457566398423,27.74,False,False,False
1080,1467,13.502155916091803,0.15,6.095918749467827,52155544.98612168,1203.6466003372336,0.1185113657849943,3,strong,1,13.502,1053.8486128889865,3.1343400000000003,0.903161280259804,0.8816866133227489,11.14,True,True,True
1081,996,10.013930954982545,0.15,3.745918749467826,29814003.378109373,776.0818890733532,0.1012804292516761,2,mild,1,10.0143,675.8035484605801,2.9525099999999997,1.0730165145498611,1.0371424238392517,34.66,True,True,True
1082,559,5.562863066179261,0.15,4.245918749467827,10595.245794861496,11.035598507724687,0.0768485885867006,1,strong,0,,,,1.0472453755541222,0.96334272354702,19.15,False,False,False
1083,886,45.20735799393197,0.25,33.94591874946783,36465.71459945251,45.009699324733525,0.1671315676162189,2,mild,1,45.2157,79.51373358369514,1.00991,1.1093303922256754,1.034234105731317,24.02,True,True,True
1084,1193,10.698771977793363,0.15,4.845918749467827,329194.80109841825,85.53034563480551,0.106148978486855,3,strong,1,10.7001,88.1067042565969,1.02531,1.0636451912786833,0.9974886688805212,19.59,True,True,True
1085,539,17.201656001284434,0.15,13.695918749467827,28547.281765882508,32.51625335228097,0.1366533436151313,1,strong,0,,,,1.1936723016662756,1.3991904125402623,17.23,True,False,True
1086,874,9.276530214666066,0.15,2.345918749467826,1036075.2321279384,141.83781467714155,0.099325482192478,2,mild,1,9.2765,143.8189270508894,1.68245,1.1561870085815644,1.2811246874866846,27.06,True,True,True
1087,143,32.24889812591823,0.05,7.595918749467827,10965.328017514244,46.830178341565706,0.3164720516971595,0,mild,0,,,,1.1690725780794338,1.344638753635795,22.79,False,False,False
1088,392,35.981816582573025,0.15,28.145918749467825,26627.10048403614,46.1537434963069,0.2003869223968956,1,strong,0,,,,1.1936723016662756,1.3863982481318544,12.9,True,False,True
1089,1031,29.54227640675162,0.15,22.495918749467823,18074070.707553502,1002.05540730467,0.1671315676162189,2,mild,1,29.5378,981.033973082006,3.54332,1.096444822727806,1.033060147194224,27.57,True,True,True
1090,81,6.717367062606455,0.05,6.095918749467827,8497.774525568431,19.01597819256041,0.1463968722805013,0,mild,0,,,,1.030845559829561,0.9412082390886132,24.43,False,False,False
1091,307,4.620097271690283,0.05,4.3959187494678265,8447.412562015095,15.31830111157447,0.1185113657849943,0,mild,0,,,,0.9219039268021187,1.0329147255473774,22.5,False,False,False
1092,231,8.146249975107851,0.1,3.5709187494678263,11231.224025106638,17.07981570592096,0.1146437515922332,0,mild,0,,,,0.9968745129715414,1.0666602751226764,34.76,False,False,False
1093,1231,22.988091771521404,0.15,15.995918749467828,5231172.42527679,493.2649849337687,0.1530070776973354,3,strong,1,22.9929,436.41176704255696,1.93974,0.9019898648510196,0.8479154555484992,20.79,True,True,True
1094,585,3.1860909043277057,0.15,2.595918749467826,12922.394768138098,9.25087959595885,0.0589332076105846,1,strong,0,,,,1.1854723938039953,1.3995098217609712,16.17,False,False,False
1095,90,30.766942894650477,0.15,1.4459187494678265,11548.839733466291,26.45618416960652,0.1745226094445269,0,mild,0,,,,1.1690725780794338,1.1047541854850325,21.74,False,False,False
1096,376,27.720384402143782,0.15,6.995918749467827,20236.885408732407,33.530156748757456,0.1671315676162189,1,strong,0,,,,1.016788574922794,0.9309455341487014,9.54,True,False,True
1097,1424,8.051708003127745,0.15,2.495918749467826,2681453.4782594214,209.66223728167577,0.091400237831627,3,strong,1,8.0521,202.34095820874168,1.6770600000000002,0.995703097562644,1.0766237484350267,10.02,True,True,True
1098,239,11.85824966400506,0.1,9.470918749467828,9968.461322199482,19.39505998395242,0.1379257703181171,0,mild,0,,,,0.9371323271177828,0.9160421645017864,31.28,False,False,False
1099,1059,20.95077799815627,0.15,2.7959187494678264,9729020.72464027,636.6913408604503,0.1448751392411729,2,mild,1,20.9472,545.575392012854,2.58401,0.9418179887533716,1.0102388346977318,33.94,True,True,True
1100,882,35.927806654051594,0.25,8.095918749467828,1860418.044441008,278.41950096639306,0.1448751392411729,2,mild,1,35.9295,493.62514986526986,2.9251199999999997,1.0706736837320667,1.2022708125296382,27.32,True,True,True
1101,567,49.791973266351675,0.15,24.695918749467825,26037.03640435415,52.35208376122713,0.2297528101025764,1,strong,0,,,,1.096444822727806,1.032693969222968,20.35,True,False,True
1102,27,35.9682988825476,0.05,31.345918749467828,10816.456757495416,52.001097963157,0.3537718357117939,0,mild,0,,,,1.0449025447363278,1.1252234422410738,28.3,False,False,False
1103,1065,37.09717310117973,0.25,10.245918749467828,41655774.89222676,1331.3850553565153,0.1463968722805013,2,mild,1,37.1053,1488.1839210291416,3.74847,0.9277610038466048,0.8873255590735313,29.94,True,True,True
1104,1495,5.497383158388554,0.25,0.8459187494678263,137527.86010964832,30.58698537311734,0.0596910034679414,3,strong,1,39.6815,121.9657860831242,1.41163,1.0894163302746342,1.167237215106108,18.77,True,False,False
1105,512,44.91047546808256,0.15,0.5459187494678263,16534.706255923156,37.91834046992719,0.208885450791923,1,strong,0,,,,1.103473315181189,1.2451374434052789,17.83,True,False,True
1106,339,4.397897930182509,0.05,0.8459187494678263,10169.157896034523,16.578362563842973,0.116917138035187,0,mild,0,,,,1.1058161459989837,1.2461734540496194,24.82,False,False,False
1107,878,40.01182611169896,0.25,22.145918749467825,780929.494346458,192.83961931720037,0.1548058511525273,2,mild,1,40.0078,336.33238556769993,2.07207,0.948846481206755,1.0317567884723804,23.23,True,True,True
1108,936,21.7751184363976,0.15,12.845918749467828,2803746.9255178366,361.1188637346653,0.1530070776973354,2,mild,1,21.7727,307.81273120297334,1.672,0.903161280259804,0.8702624395942471,22.78,True,True,True
1109,283,6.658966671500745,0.05,4.295918749467827,10354.970232603862,20.77154527292471,0.1448751392411729,0,mild,0,,,,1.108158976816778,1.0599931067531962,22.98,False,False,False
1110,1061,29.977016854306843,0.25,21.795918749467827,3630246.041374133,366.6790927881363,0.1366533436151313,2,mild,1,29.9768,653.7569257889847,3.54585,0.9968745129715414,1.2663958079933637,32.52,True,True,True
1111,696,6.515761428302516,0.25,5.995918749467827,58995.01752891187,21.900554533000793,0.0650034714586363,1,strong,0,,,,0.9254181730288104,0.955216678719182,13.38,True,False,True
1112,516,19.93854293132937,0.25,18.145918749467825,21548.991194573067,23.506131875710334,0.1139153809089968,1,strong,0,,,,1.101130484363395,1.1713274365227488,20.53,True,False,True
1113,777,8.68495715278314,0.15,4.945918749467827,61538180.438835576,1048.282442505321,0.0953184483951077,2,mild,1,8.6858,1015.5196462266512,3.06999,0.9441608195711662,0.8797313159905991,25.55,True,True,True
1114,1156,4.336347998708689,0.1,3.8209187494678263,1791384.2220923663,156.65091730237734,0.083708979127606,3,strong,1,4.3362,143.20279356180572,1.2476200000000002,0.9254181730288104,0.9520589475998028,18.31,True,True,True
1115,488,9.800712208827468,0.1,0.0709187494678261,42469.26733254812,35.08551347801381,0.1210319607760169,1,strong,0,,,,1.140958608265676,1.0745688405465594,17.43,True,False,True
1116,1194,41.43164931083059,0.25,12.345918749467828,3155879.150547787,387.65959236151326,0.1548058511525273,3,strong,1,41.4304,659.2572776916764,2.8182,0.9441608195711662,1.0023089309651634,14.12,True,True,True
1117,771,6.984438153066736,0.15,3.495918749467826,20457029.601330895,540.5953015140004,0.0854434658091638,2,mild,1,6.9842,551.5825811441912,2.22101,0.9066755264864548,0.8635798462836529,32.7,True,True,True
1118,150,25.85630311492648,0.1,23.070918749467825,11218.58118777,30.57583630332128,0.2045032061809544,0,mild,0,,,,1.1058161459989837,1.327284691652594,21.28,False,False,False
1119,477,42.05034996402239,0.15,2.2959187494678264,16531.530045194704,36.36650111868856,0.2003869223968956,1,strong,0,,,,0.9968745129715414,1.0783472255221662,13.94,True,False,True
1120,575,3.578474993976033,0.25,2.295918749467826,54975.22288118624,15.63119713638028,0.048867777742522,1,strong,0,,,,1.096444822727806,1.033060147194224,17.04,True,False,True
1121,1397,9.00856442739656,0.15,2.2959187494678264,540888.5940978213,100.0822434113862,0.0970370849565969,3,strong,1,9.0082,124.47757694065167,1.37929,0.9863317742915458,1.1289306927259013,16.24,True,True,True
1122,248,20.493359930047,0.05,7.545918749467827,10518.498684666336,37.44951923975588,0.2584982508792982,0,mild,0,,,,1.0613023604607903,0.9692971044349776,32.26,False,False,False
1123,471,33.989092914170904,0.25,26.045918749467827,45120.221430632235,43.35907317132542,0.1448751392411729,1,strong,0,,,,1.0706736837320667,1.1938096446726605,21.42,True,False,True
1124,1152,17.207839388145313,0.15,9.995918749467828,850355.505506536,163.01413910173326,0.1256218943859993,3,strong,1,17.2103,220.758287510189,2.05513,1.1093303922256754,1.2631009060289906,14.41,True,True,True
1125,323,9.84201938723732,0.15,8.745918749467826,9476.511612214545,13.978268562465946,0.1023031988500929,0,mild,0,,,,1.0542738680075054,1.1366754495991491,21.88,False,False,False
1126,973,3.8344403873766018,0.1,1.9709187494678264,218727070.24427164,1599.4409485461526,0.0775013350930924,2,mild,1,3.8343,1426.5872964408206,3.90379,1.030845559829561,0.9438316289297554,20.89,True,True,True
1127,11,34.28117595971447,0.05,6.8959187494678265,10973.28973819369,46.84717651725383,0.3164720516971595,0,mild,0,,,,0.9254181730288104,1.0653352959179196,29.78,False,False,False
1128,412,18.174749987883093,0.25,14.245918749467828,32845.14990636934,27.016517542820743,0.106148978486855,1,strong,0,,,,1.0636451912786833,0.9959571917874522,18.79,True,False,True
1129,409,4.075869864912113,0.25,0.9959187494678264,34521.510101837695,13.1544726571005,0.0516789347919118,1,strong,0,,,,1.000388759198233,1.1166773290320262,9.11,True,False,True
1130,480,44.41050491492638,0.15,5.045918749467827,15742.406772664528,38.720496322901894,0.2185723457965899,1,strong,0,,,,1.1690725780794338,1.3233299947037944,14.05,True,False,True
1131,79,39.001274084089545,0.05,31.795918749467827,9404.308074943028,48.48790590173758,0.3537718357117939,0,mild,0,,,,1.101130484363395,1.1462043986979946,29.61,False,False,False
1132,1282,33.38464848502834,0.25,32.145918749467825,1131805.1355874448,217.1601881472373,0.1448751392411729,3,strong,1,33.3884,417.80073481594184,2.74373,1.091759161092217,1.225784225240055,16.76,True,True,True
1133,1303,8.463837518997247,0.15,2.1959187494678263,10627307.242252344,428.0530752269481,0.0936900396693081,3,strong,1,8.4646,429.4309344924979,1.96163,0.9371323271177828,0.8644257344927772,17.13,True,True,True
1134,792,13.793954368077886,0.15,9.845918749467828,31882703.416665982,968.3628302854318,0.1219091462216003,2,mild,1,13.7955,802.6497047519349,3.56147,1.108158976816778,1.1479514506796695,31.37,True,True,True
1135,370,18.278847013136836,0.1,7.070918749467827,7371.2582749866415,20.236460871663525,0.1671315676162189,0,mild,0,,,,0.9277610038466048,0.851964279092523,26.36,False,False,False
1136,1111,5.056903296424201,0.15,0.3959187494678262,2241039.213830429,151.99834554954288,0.072895286907127,2,mild,1,5.0563,148.86568787022114,1.61843,1.091759161092217,1.2113060093753931,22.68,True,True,True
1137,657,12.728483902174098,0.05,4.245918749467827,13650.795599219156,34.45323938731924,0.208885450791923,1,strong,0,,,,0.903161280259804,0.8342812138810903,18.93,False,False,False
1138,1285,6.327995139937732,0.1,0.1209187494678261,372541.08798154606,84.64190269572637,0.0988545535543052,3,strong,1,6.328,77.68139880684652,1.00859,1.0812164224121417,1.044993033389408,15.33,True,True,True
1139,60,7.576385135647072,0.1,0.4709187494678262,12176.516444356836,16.926496072104946,0.1091836894783622,0,mild,0,,,,1.1433014390836949,1.2004556741449812,33.86,False,False,False
1140,751,25.22280890562992,0.25,12.245918749467828,1891749.5867576736,239.42795378414527,0.123723175277265,2,mild,1,25.2225,310.8420413310776,1.96053,0.9418179887533716,1.015455443421427,32.26,True,True,True
1141,1222,19.26841801014837,0.15,8.045918749467827,199467.61571323263,89.32359502689816,0.1419701412105178,3,strong,1,19.2699,119.65178551471077,1.1913,0.9019898648510196,0.9945321014319172,8.85,True,True,True
1142,1128,14.190589118293545,0.15,1.3459187494678264,33447094.929621592,991.835715310424,0.1219091462216003,3,strong,1,14.1914,860.5051695698947,3.25248,1.0847306686388336,1.0125002724630856,15.0,True,True,True
1143,821,3.329232075926778,0.15,0.7959187494678263,398859.6560591831,52.26772859480462,0.0598853958576391,2,mild,1,3.3293,58.088124496599626,1.20626,1.194843717075173,1.4452883612245784,29.64,True,True,True
1144,1284,3.281534409129095,0.15,3.1959187494678263,12376293.861841666,288.2054387267683,0.059308217358334,3,strong,1,3.281,277.42509160291485,2.63615,1.194843717075173,1.4452883612245784,9.77,True,True,True
1145,905,5.017679546921887,0.1,0.1209187494678261,946743.0718124112,121.15356849834156,0.0889347710589736,2,mild,1,5.0181,109.11239363200391,1.10055,1.0472453755541222,0.962121661267732,24.7,True,True,True
1146,168,22.30265212154855,0.05,12.995918749467828,12651.81082418718,41.07198692407787,0.2584982508792982,0,mild,0,,,,1.0027315900160276,1.2674218002283666,28.14,False,False,False
1147,1324,45.18602199126374,0.25,9.545918749467829,93201.36093995455,71.95730251720832,0.1671315676162189,3,strong,1,45.1928,197.82414811500084,2.07361,1.1761010705328172,1.3463087934401374,21.42,True,True,True
1148,120,35.75338873969076,0.05,25.595918749467828,11711.246659014883,57.8452286191718,0.3781687860332273,0,mild,0,,,,1.140958608265676,1.1136949482246872,32.94,False,False,False
1149,1021,21.47715232104163,0.25,5.945918749467827,865688.0736818071,148.98701317364984,0.1139153809089968,2,mild,1,21.4792,253.69420511699352,2.27502,1.159701254808256,1.3043291530069523,34.53,True,True,True
1150,903,23.876696628498056,0.25,19.745918749467823,1012191.5547539644,175.1355799264694,0.123723175277265,2,mild,1,23.8761,286.54587476768944,2.24796,1.0941019919100112,1.212687091745286,23.76,True,True,True
1151,44,8.187351030730882,0.1,7.970918749467827,7614.190579574853,14.856014816213694,0.1210319607760169,0,mild,0,,,,0.9371323271177828,0.8504967708592526,32.27,False,False,False
1152,270,9.789688721032434,0.05,5.245918749467827,10665.623761612997,25.047747065076702,0.171950282562443,0,mild,0,,,,1.1690725780794338,1.3363165541120656,34.42,False,False,False
1153,362,17.06673695868195,0.1,14.520918749467826,9718.915919942858,23.236604169502883,0.1671315676162189,0,mild,0,,,,0.9886746051092608,0.9752136504918884,20.9,False,False,False
1154,631,4.6660306827667375,0.25,0.9459187494678264,38196.628088287755,14.816236063255475,0.0551057360770457,1,strong,0,,,,1.0706736837320667,1.0692217605143806,13.78,True,False,True
1155,1323,5.984654833501353,0.15,4.6459187494678265,2918411.2743988694,189.23194046787577,0.0793301475927022,3,strong,1,5.9849,194.03675733761372,2.1343300000000003,1.1936723016662756,1.3991904125402623,14.24,True,True,True
1156,521,3.1016592362219706,0.25,1.9959187494678263,204375.46026208537,27.982990198828976,0.0456459239125487,1,strong,0,,,,0.9582178044779328,1.0265863543657363,16.91,True,False,True
1157,836,35.16249521383417,0.25,18.595918749467824,20688.74669099793,29.3603663486155,0.1448751392411729,2,mild,1,35.1676,65.05023794614485,1.14026,1.1433014390836949,1.2910310899160151,33.75,True,True,True
1158,114,41.557536017731806,0.05,20.795918749467827,22348.91430535387,79.9087234739985,0.3781687860332273,0,mild,0,,,,1.1831295629862006,1.3774613997076488,23.49,True,False,True
1159,1027,24.20263118263377,0.25,21.145918749467825,243705.7321779357,85.93615180592026,0.123723175277265,2,mild,1,24.2027,151.59428303091082,1.78266,1.1714154088972284,1.3221610652003537,23.67,True,True,True
1160,560,49.76609157266092,0.15,48.69591874946783,25346.929579392458,53.069063575885565,0.2360303082374914,1,strong,0,,,,1.1198731309057504,1.0454012404202315,20.08,True,False,True
1161,1043,20.679267653789942,0.25,15.145918749467826,782906.652234313,141.68461294180662,0.1139153809089968,2,mild,1,20.6797,249.9309076223684,2.29768,1.190158055439584,1.327201355998633,32.33,True,True,True
1162,1344,43.40384281497772,0.25,17.545918749467827,196036.29272483548,104.35949957421104,0.1671315676162189,3,strong,1,43.3948,287.1219754468052,2.5003,1.190158055439584,1.3474608635383056,10.78,True,True,True
1163,572,17.042433286117905,0.1,11.570918749467827,25154.008446761523,39.65003818311647,0.1772148042592244,1,strong,0,,,,1.190158055439584,1.3848407999955334,16.39,True,False,True
1164,668,35.14958600218716,0.15,2.995918749467826,54413.01394435086,61.25864552317935,0.1861122600665755,1,strong,0,,,,0.9043326956686604,0.9077183063844484,10.97,True,False,True
1165,1118,43.66115870875096,0.25,16.395918749467825,593917.69411909,181.6464352831086,0.1671315676162189,2,mild,1,43.6535,353.47737719250904,2.2715,0.9019898648510196,1.1032887381940837,29.89,True,True,True
1166,832,29.930160630549732,0.15,9.645918749467826,18160744.389079154,1049.1192377874436,0.1745226094445269,2,mild,1,29.9294,873.8273858311173,3.01356,1.016788574922794,0.9309455341487014,20.42,True,True,True
1167,978,4.025317406857759,0.15,0.5959187494678263,11851706.189321468,313.61506374875654,0.0656479983689588,2,mild,1,4.0254,289.4667306786339,2.44948,1.1714154088972284,1.3147156287691069,22.71,True,True,True
1168,258,26.566595820049596,0.1,12.470918749467828,9532.33114448848,27.614968614124457,0.2003869223968956,0,mild,0,,,,0.9582178044779328,1.0265863543657363,25.87,False,False,False
1169,796,11.899517127942586,0.15,1.5959187494678264,87424153.5861636,1460.2384835809592,0.1111369461277755,2,mild,1,11.9003,1254.070924672022,3.71569,1.0097600824694108,0.9581548011050962,24.68,True,True,True
1170,57,39.53270781719467,0.05,5.495918749467827,8405.630218790318,43.21941492428893,0.3335650562207792,0,mild,0,,,,0.9371323271177828,0.8837540093389243,33.94,False,False,False
1171,70,8.10830534373153,0.05,0.4959187494678262,11733.987381796966,23.63813241131992,0.1548058511525273,0,mild,0,,,,1.1643869164438791,1.2668642320921275,24.62,False,False,False
1172,91,23.58263631218162,0.05,21.895918749467825,12668.271577158252,47.992938073615214,0.3017675832604191,0,mild,0,,,,1.0027315900160276,1.1318439536603435,29.77,False,False,False
1173,680,5.568039378487101,0.15,3.745918749467826,15586.144909620984,13.462326809847092,0.0772818370681184,1,strong,0,,,,0.9183896805754272,0.9788317972464,17.14,True,False,True
1174,108,9.3099060702611,0.1,9.070918749467827,11381.025789432912,18.16273122332677,0.1210319607760169,0,mild,0,,,,0.9277610038466048,1.1191171769838169,23.76,False,False,False
1175,890,16.13213736435109,0.15,15.895918749467826,91444.92409118453,56.64445098825533,0.1330396562549454,2,mild,1,16.1305,66.17891553447231,1.0692,1.1058161459989837,1.200207628849371,29.26,True,True,True
1176,964,3.7067683727980034,0.1,3.720918749467826,1463542.3321346764,130.06967857127762,0.0775013350930924,2,mild,1,3.7065,116.59726909660188,1.64956,1.1936723016662756,1.395022407528708,30.26,True,True,True
1177,196,23.86479348310316,0.05,6.195918749467827,12953.608546476584,41.5589678191949,0.2584982508792982,0,mild,0,,,,1.1936723016662756,1.386735652068645,28.85,False,False,False
1178,917,6.145220497861392,0.15,3.095918749467826,94371.21176340817,34.3458898129398,0.0800514075335422,2,mild,1,6.1458,43.176789155547866,0.98945,1.1690725780794338,1.3750735784389505,28.34,True,True,True
1179,625,5.095117695480707,0.05,4.295918749467827,18001.70715006823,23.905705734590494,0.1266051023200892,1,strong,0,,,,1.1854723938039953,1.3747368052381823,10.79,True,False,True
1180,1416,9.108842146600567,0.15,2.595918749467826,990982.9537012269,135.46784186533844,0.0970370849565969,3,strong,1,9.1078,153.17939166352113,1.7536200000000002,1.136272946630538,1.2938757569321395,17.84,True,True,True
1181,694,48.67807574561071,0.1,20.920918749467827,41912.49897947306,74.7551549878875,0.2584982508792982,1,strong,0,,,,1.1854723938039953,1.365469232162987,16.44,True,False,True
1182,971,27.979617723502415,0.25,4.695918749467826,95794.22437006666,56.50788274511401,0.129701310350135,2,mild,1,27.9794,104.50696728105412,1.32858,1.0683308529142723,1.1867858069773625,28.92,True,True,True
1183,1438,11.785265308260437,0.15,10.545918749467829,2141311.349059839,225.79549054187015,0.109823083284368,3,strong,1,11.7871,245.11918090021183,2.17184,1.1479871007192837,1.266766107034484,17.45,True,True,True
1184,1263,6.676147111579942,0.1,4.970918749467827,79057440.23243509,1283.366668120377,0.1028265932075778,3,strong,1,6.6762,1035.990592652747,3.2514900000000004,0.9301038346643994,0.9224902244901066,19.21,True,True,True
1185,218,9.19810308351134,0.05,5.945918749467827,13300.743775027073,27.18327076942225,0.1671315676162189,0,mild,0,,,,1.1831295629862006,1.3753606639888347,26.46,False,False,False
1186,725,22.224993579232272,0.05,10.545918749467829,9875.218965442624,37.559893057512866,0.2675504187020754,1,strong,0,,,,0.9769604510202644,1.0063808281239677,17.53,False,False,False
1187,1224,6.82754414154426,0.15,3.2959187494678264,1014080.5258463467,118.26799058866538,0.0839905049435063,3,strong,1,6.8268,128.36025158452873,1.7191900000000002,1.194843717075173,1.3856892648777432,15.34,True,True,True
1188,944,13.563365635314153,0.15,8.695918749467827,296181.52526068315,90.70426996880872,0.1185113657849943,2,mild,1,13.5618,112.98593702103778,1.57135,1.091759161092217,1.3499509534902403,22.2,True,True,True
1189,489,4.248977614695532,0.1,0.2709187494678262,15563.559955184335,14.263422736929044,0.0818168717444638,1,strong,0,,,,1.0425597139185332,1.1100092992102475,10.54,True,False,True
1190,59,21.71092626723664,0.1,11.570918749467827,10638.656180780752,28.60696012777949,0.1965107659461692,0,mild,0,,,,1.1151874692701615,1.2160567951185932,26.77,False,False,False
1191,167,24.178183029573592,0.05,23.895918749467825,10134.726569734315,39.486563575931086,0.2776287235277611,0,mild,0,,,,1.0941019919100112,0.9987861448154228,24.83,False,False,False
1192,1390,40.33207851573004,0.25,32.69591874946783,256391.33923718377,119.34807619293515,0.1671315676162189,3,strong,1,40.3384,212.7578145125526,1.75681,1.1878152246217897,1.0998647680117315,16.67,True,True,True
1193,1485,4.311935836255966,0.15,0.2959187494678262,3709165.5798550346,181.1752581287224,0.0677102387128861,3,strong,1,4.312,183.04961218063343,1.63251,0.9511893120245496,1.10186579008336,10.18,True,True,True
1194,722,21.676517768111335,0.15,1.4459187494678265,34692.545941183795,38.83775949588448,0.1479680869077668,1,strong,0,,,,1.1058161459989837,1.2558910251549726,21.7,True,False,True
1195,242,31.351285445551454,0.1,3.1709187494678264,8718.286355814193,28.152646179217314,0.2135635553092116,0,mild,0,,,,0.9183896805754272,0.9750937663713868,32.96,False,False,False
1196,1412,3.0917433272801853,0.15,0.4959187494678262,62183.698679039306,19.80722531378794,0.0575919505900321,3,strong,1,45.5156,60.91175471422342,1.04236,1.133930115812517,1.219619719951349,18.54,True,False,False
1197,942,27.849397814058847,0.15,15.245918749467828,1246014.6301414117,263.10270809677394,0.1671315676162189,2,mild,1,27.8504,238.12800870345092,1.52438,0.9277610038466048,0.9020804232075914,30.14,True,True,True
1198,1001,7.872293152976001,0.15,3.995918749467826,4464768.67505446,268.3512585861102,0.0906744053421982,2,mild,1,7.8729,257.0530869429916,1.7018099999999998,1.0613023604607903,0.9692971044349776,30.4,True,True,True
1199,86,14.048992029272831,0.05,12.045918749467829,8978.965724233343,27.94243418519946,0.208885450791923,0,mild,0,,,,1.016788574922794,0.9234786670975028,27.41,False,False,False
1200,615,39.19286143555173,0.15,3.1959187494678263,19655.03871516512,39.65353826852289,0.2003869223968956,1,strong,0,,,,0.9066755264864548,0.97681972766223,14.08,True,False,True
1201,329,6.686871598869437,0.1,1.7709187494678262,11332.813498700329,15.13095262190954,0.1012804292516761,0,mild,0,,,,1.1573584239904615,1.321280730909823,29.88,False,False,False
1202,1451,34.880665390250144,0.25,4.745918749467827,1759166.7657014895,270.73717003315596,0.1448751392411729,3,strong,1,34.8857,423.77048764949507,2.24862,1.0636451912786833,0.9974886688805212,19.23,True,True,True
1203,294,4.176322801533598,0.05,0.3959187494678262,8354.543100348277,14.636224029956772,0.1139153809089968,0,mild,0,,,,0.9511893120245496,0.8726884734977706,28.01,False,False,False
1204,15,24.91431956725153,0.05,24.545918749467827,11014.978535552387,39.6682286247038,0.2675504187020754,0,mild,0,,,,1.1198731309057504,1.1477851117250468,24.93,False,False,False
1205,928,11.225630215414553,0.15,6.845918749467827,60052126.36517231,1181.761853445871,0.1085555323259812,2,mild,1,11.2248,1065.2520787332614,3.20078,0.9301038346643994,0.8955439111635226,25.02,True,True,True
1206,814,12.98924166279382,0.25,8.045918749467827,4196140.88887488,258.08024127104727,0.0899660442262476,2,mild,1,12.9891,361.06641111703806,2.92204,1.1936723016662756,1.4042675752221547,32.75,True,True,True
1207,65,19.917803125871433,0.1,17.170918749467827,13599.696515298016,29.62093474521891,0.1800364610754255,0,mild,0,,,,1.190158055439584,1.327201355998633,24.29,False,False,False
1208,1337,38.468476170121825,0.25,21.395918749467825,364437.558911422,131.73522487160562,0.1548058511525273,3,strong,1,38.4525,284.46017183242884,2.29218,1.103473315181189,1.2410670368290528,16.5,True,True,True
1209,297,5.483843449330645,0.05,2.645918749467826,12015.138210957752,20.181496988836887,0.1307856701777375,0,mild,0,,,,1.173758239715023,1.2855576235000448,29.89,False,False,False
1210,437,29.093418849284603,0.1,28.470918749467828,18759.122637900047,43.3118028231336,0.2239526708070477,1,strong,0,,,,1.0847306686388336,1.2592577647952248,8.69,True,False,True
1211,894,13.94057399903342,0.15,11.545918749467829,1156278.6483512754,183.07190702184943,0.1210319607760169,2,mild,1,13.9402,196.4842047043767,1.86296,1.155015593172667,1.213659792639477,21.2,True,True,True
1212,423,32.93673739761823,0.05,19.295918749467827,9655.028294467407,41.89820628503282,0.3017675832604191,1,strong,0,,,,1.030845559829561,0.9412082390886132,19.73,False,False,False
1213,237,21.40512693663396,0.05,19.495918749467823,11630.822346826944,39.379897319701826,0.2584982508792982,0,mild,0,,,,1.136272946630538,1.3589951118460035,21.1,False,False,False
1214,321,33.60730423092722,0.1,28.120918749467823,12461.030568429258,36.2172255736923,0.2297528101025764,0,mild,0,,,,1.1714154088972284,1.1168177775909451,27.93,False,False,False
1215,605,3.164398069230899,0.25,0.3959187494678262,170930.04372101705,25.714549969981416,0.0458468842837023,1,strong,0,,,,1.159701254808256,1.1447624098241704,15.45,True,False,True
1216,1406,29.633715072209892,0.15,13.145918749467826,18637620.371026285,1062.8041916360555,0.1745226094445269,3,strong,1,29.6272,984.201808320827,3.08209,0.9781318664291856,0.8971405626453007,17.77,True,True,True
1217,393,9.481392673378313,0.15,0.7959187494678263,41202.680508977915,28.014513418508074,0.0983904074028945,1,strong,0,,,,1.1093303922256754,1.0330623974185258,15.64,True,False,True
1218,822,10.00555882908824,0.15,8.195918749467827,541923.1618187112,104.63241688408174,0.1012804292516761,2,mild,1,10.004,116.34987340158162,1.25565,1.0027315900160276,1.063023582982797,26.21,True,True,True
1219,314,24.881945058833935,0.1,13.370918749467828,10153.18992713034,27.946638613243945,0.1965107659461692,0,mild,0,,,,1.096444822727806,1.0341833706233932,30.53,False,False,False
1220,1167,42.29182330827068,0.25,28.595918749467828,60104.40754446769,57.785238188229584,0.1671315676162189,3,strong,1,42.297,122.42908154208035,1.3132899999999998,1.0425597139185332,1.0838660112920644,8.39,True,True,True
1221,963,34.19546780959329,0.25,15.695918749467827,69196.2022051444,53.69520548318085,0.1448751392411729,2,mild,1,34.2006,102.68418885621048,1.37324,1.096444822727806,1.2375191059230417,22.48,True,True,True
1222,909,3.2186524984013496,0.1,2.520918749467826,227186355.455047,1492.4199175646236,0.0711427996478831,2,mild,1,3.2191,1441.7358684557464,3.67114,0.9066755264864548,0.8829077948748772,21.01,True,True,True
1223,775,25.282754900804026,0.15,22.645918749467825,199429.50056661083,105.25880817368706,0.1671315676162189,2,mild,1,25.2874,118.53886747382144,1.09483,0.9371323271177828,0.918276686239712,33.61,True,True,True
1224,368,37.9801483807257,0.15,1.3959187494678262,8042.212864411236,23.967556738837065,0.1893918594207356,0,mild,0,,,,1.0613023604607903,1.0311390417358008,25.42,False,False,False
1225,756,31.578781158769367,0.25,22.545918749467827,58059.33520519975,49.18474323286971,0.1448751392411729,2,mild,1,31.5756,88.0708672565826,1.0659,1.0847306686388336,1.037188234517022,34.18,True,True,True
1226,253,37.31404547489925,0.05,26.595918749467828,10880.274173288752,49.17152331558661,0.3335650562207792,0,mild,0,,,,1.0636451912786833,1.1982880757853016,22.97,False,False,False
1227,180,23.693521975157832,0.05,11.045918749467829,10572.527170331085,38.86336352315651,0.2675504187020754,0,mild,0,,,,1.0542738680075054,1.1353947724803537,34.39,False,False,False
1228,1281,6.228778191351677,0.15,2.345918749467826,28089.24423399312,19.037905900696707,0.0813001578720744,3,strong,1,31.9599,80.5555557112475,1.07151,0.9324466654821938,1.0901988898368618,18.05,True,False,False
1229,608,18.264898565548815,0.1,1.4709187494678264,17159.262174432653,30.455339188793605,0.1648703558212973,1,strong,0,,,,1.1433014390836949,1.2584016038588992,18.53,True,False,True
1230,1460,11.59683421644022,0.15,2.645918749467826,343237.16766540374,89.86750609063702,0.1091836894783622,3,strong,1,11.5984,110.27197145632591,1.59346,1.194843717075173,1.3856892648777432,21.55,True,True,True
1231,1295,5.466310008418398,0.15,2.9459187494678263,16112228.390293738,426.6838148517312,0.076212676918218,3,strong,1,5.4661,467.5855641956801,2.31902,0.9605606352957272,0.9793348351643546,9.35,True,True,True
1232,612,29.771939342613663,0.05,4.195918749467826,13758.262604859803,52.456196211429216,0.3164720516971595,1,strong,0,,,,1.194843717075173,1.3797441523785652,19.58,False,False,False
1233,1015,48.285278937259235,0.25,32.645918749467825,78920.18950926267,72.53513608785869,0.1829982843991256,2,mild,1,48.2801,168.74325574719342,1.81489,1.155015593172667,1.2758345286555808,30.46,True,True,True
1234,1236,37.28498276547792,0.15,27.745918749467823,1076120.2860185134,287.7125015356226,0.1965107659461692,3,strong,1,37.2792,375.1677167681198,2.07724,0.9605606352957272,0.9793348351643546,14.81,True,True,True
1235,1129,39.03307512816287,0.25,27.395918749467825,2157510.8369453233,320.528643467492,0.1548058511525273,3,strong,1,39.0418,567.8133808864915,2.5422100000000003,0.9183896805754272,0.9742397993816052,19.82,True,True,True
1236,361,21.414702397098925,0.1,14.220918749467828,10051.913145243254,28.35759248630709,0.2003869223968956,0,mild,0,,,,1.0941019919100112,1.2389999741452085,31.88,False,False,False
1237,342,30.309163775974135,0.05,15.245918749467828,11010.242145197271,44.74217482664075,0.3017675832604191,0,mild,0,,,,1.0531024525987964,1.1915124610691246,26.28,False,False,False
1238,589,3.97369327363764,0.25,0.9959187494678264,43539.43595931045,14.609195995799308,0.0511436288724074,1,strong,0,,,,1.1854723938039953,1.4191300895753305,14.81,True,False,True
1239,1244,20.6703384536234,0.25,14.745918749467828,3527886.0420100195,300.7633894971184,0.1139153809089968,3,strong,1,20.6709,496.16199184757926,3.41374,1.1854723938039953,1.3995098217609712,19.01,True,True,True
1240,1363,3.232890077354862,0.1,0.2709187494678262,269367233.6395358,1633.0959289835766,0.0714827353033349,3,strong,1,3.2329,1529.3674497309098,3.72691,0.903161280259804,0.8702624395942471,13.24,True,True,True
1241,1052,18.92187946781491,0.15,6.745918749467827,1462849.3784006217,239.5133447017524,0.1405823186717711,2,mild,1,18.9196,213.99320393324476,1.49303,0.9254181730288104,0.9320212184210904,23.51,True,True,True
1242,1124,14.451916869803158,0.15,12.945918749467827,34520814.22968272,1038.641152986721,0.1256218943859993,2,mild,1,14.4509,845.802086176397,3.5676300000000003,1.016788574922794,1.1202183621149144,22.21,True,True,True
1243,987,4.174501849365965,0.15,1.4959187494678263,2438981.359890128,144.07389829277784,0.0664488318288452,2,mild,1,4.1742,149.2806620786446,1.57993,1.0905877456833195,1.180846169876429,27.32,True,True,True
1244,144,21.433879042207096,0.1,2.9209187494678264,12532.860814296944,28.435394589112217,0.1800364610754255,0,mild,0,,,,1.016788574922794,0.9234786670975028,30.08,False,False,False
1245,1332,40.02855465414176,0.25,3.745918749467826,1165073.829399843,235.541304577132,0.1548058511525273,3,strong,1,40.026,411.4664768567594,2.56025,1.0566166988253,1.152583509726372,8.98,True,True,True
1246,174,46.913020360929536,0.05,15.145918749467826,9887.428334912322,53.150536443771315,0.3781687860332273,0,mild,0,,,,1.0566166988253,1.153306527489568,26.42,False,False,False
1247,824,5.507185893301449,0.1,4.070918749467826,1925134.8085954008,182.97706240640255,0.0940891139548072,2,mild,1,5.5071,156.69487895631443,1.3233,0.9207325113932217,0.9653574817092386,20.29,True,True,True
1248,452,41.72051883512429,0.1,41.270918749467825,20182.702376251233,51.87510947940411,0.2584982508792982,1,strong,0,,,,1.1198731309057504,1.2718141651443684,16.72,True,False,True
1249,42,45.813056138136055,0.05,39.995918749467826,9299.8505071973,48.2178662613696,0.3537718357117939,0,mild,0,,,,0.9254181730288104,0.9014877121487042,22.69,False,False,False
1250,115,34.7036594300698,0.05,33.79591874946782,10135.471230337578,47.45868666614171,0.3335650562207792,0,mild,0,,,,1.155015593172667,1.094749531393448,29.3,False,False,False
1251,1446,29.460462741092822,0.25,4.045918749467827,366371.0221196169,110.50958059818716,0.129701310350135,3,strong,1,29.4653,221.80911142616716,2.28558,1.1936723016662756,1.4014060627445528,8.15,True,True,True
1252,256,43.62137324660469,0.1,17.220918749467824,12407.160914633869,43.6897469306787,0.2776287235277611,0,mild,0,,,,0.9582178044779328,1.027578590531045,29.5,False,False,False
1253,871,8.984892896506558,0.15,4.695918749467827,22221094.042540975,638.5346476060738,0.096598515294913,2,mild,1,8.984,552.6152613250595,2.70281,0.9043326956686604,1.0499323949239217,32.44,True,True,True
1254,1046,9.693544530396736,0.15,1.4459187494678265,6252719.765297186,351.87530884701476,0.1002883566628851,2,mild,1,9.6924,318.3921536155681,1.94909,1.0636451912786833,0.9974886688805212,23.91,True,True,True
1255,269,23.728755464387223,0.1,2.220918749467826,10915.727026315444,28.977082491454745,0.1965107659461692,0,mild,0,,,,1.0343598060562529,1.0855877076173197,32.71,False,False,False
1256,1452,9.157632530623124,0.15,8.945918749467827,25176066.390789207,692.4912430704942,0.0983904074028945,3,strong,1,9.1573,600.383399898187,2.90268,1.1643869164438791,1.0817877981131914,12.99,True,True,True
1257,825,34.62834848053437,0.25,28.845918749467828,150670.5713940203,84.70412690064731,0.1548058511525273,2,mild,1,34.6364,162.78520808603054,1.7748499999999998,1.136272946630538,1.2703150438968949,31.9,True,True,True
1258,33,29.977016854306843,0.05,22.545918749467827,9941.035929123873,44.589316947277574,0.3164720516971595,0,mild,0,,,,0.9043326956686604,1.066534141954394,26.25,False,False,False
1259,1280,12.248122572409232,0.15,3.495918749467826,43946198.92022849,1054.7805449383625,0.1132009427427743,3,strong,1,12.247,923.698073734794,3.0735099999999997,1.016788574922794,0.9234786670975028,9.45,True,True,True
1260,1403,6.1929200178362045,0.15,5.045918749467827,815535.7960395206,102.5818820725288,0.0813001578720744,3,strong,1,6.1936,129.9461522160447,1.27094,1.0074172516516164,1.018123805532815,8.75,True,True,True
1261,1051,12.238728435321605,0.15,10.245918749467828,948068.9454644124,154.92496717700232,0.1132009427427743,2,mild,1,12.237,183.53226860590587,2.05997,1.1854723938039953,1.3885513183982865,32.7,True,True,True
1262,986,13.95886650225676,0.15,2.995918749467826,40158094.71515071,1001.9742351371956,0.1125,2,mild,1,13.9595,840.5865692988752,3.5904000000000003,1.0542738680075054,1.1308600652454288,22.59,True,True,True
1263,808,28.54691365856753,0.15,9.045918749467829,1327728.6022596713,267.897580496088,0.1648703558212973,2,mild,1,28.5491,338.0645379650558,2.22398,1.1643869164438791,1.1045574897669506,21.29,True,True,True
1264,47,46.50286777243838,0.05,13.495918749467828,10554.866873325143,48.43063051262117,0.3335650562207792,0,mild,0,,,,0.9207325113932217,0.9665112946254344,29.83,False,False,False
1265,1307,49.15290339494036,0.25,30.145918749467825,94066.3727390172,79.19022361336329,0.1829982843991256,3,strong,1,49.1493,197.99256786509588,2.11409,1.194843717075173,1.3720068628213131,14.32,True,True,True
1266,752,11.716040575302804,0.15,6.6459187494678265,2114068.2840433912,227.07408719232825,0.1111369461277755,2,mild,1,11.7166,200.731884890572,1.56827,0.9324466654821938,1.0108108834574694,25.78,True,True,True
1267,88,14.171684660057194,0.05,2.845918749467826,10106.656412546288,30.311498587089304,0.2135635553092116,0,mild,0,,,,0.9441608195711662,1.127184028714764,34.54,False,False,False
1268,670,12.437465104837507,0.1,3.520918749467826,36989.339623898755,36.67515365222756,0.1354158787039558,1,strong,0,,,,0.995703097562644,1.1122176403633737,10.71,True,False,True
1269,935,14.9834177982299,0.15,11.745918749467828,15989928.518665792,701.4255488462993,0.1246615419043813,2,mild,1,14.9825,577.6153741465719,2.8535099999999995,1.0027315900160276,1.0842196717060184,25.54,True,True,True
1270,1444,31.016122028384142,0.25,12.695918749467827,398636.4730353337,121.50849277364712,0.1366533436151313,3,strong,1,31.021,234.8745379322826,2.32265,1.1843009783950975,1.3839584685040962,17.63,True,True,True
1271,794,5.172467303169564,0.15,3.645918749467826,2986468.3620562525,179.19978524781476,0.074399096502858,2,mild,1,5.1728,171.94754295603815,1.6474699999999998,0.9441608195711662,1.1472994455314385,20.48,True,True,True
1272,125,41.59364427929677,0.1,39.520918749467825,15086.747092166624,46.424665691798275,0.2675504187020754,0,mild,0,,,,1.1843009783950975,1.3254599996979992,31.47,True,False,True
1273,209,8.160831779700978,0.05,2.4459187494678263,13774.50110853046,26.925336442730572,0.1626991726110283,0,mild,0,,,,1.0941019919100112,1.2512109947808594,27.45,False,False,False
1274,1465,10.60985098557012,0.15,6.545918749467827,28898621.788061097,796.9532889652638,0.105572392253238,3,strong,1,10.61,671.8567539547449,3.17207,1.0343598060562529,1.1175363926065134,14.73,True,True,True
1275,309,40.51984187730183,0.05,33.04591874946782,8968.598912372523,44.6432747513803,0.3335650562207792,0,mild,0,,,,1.1151874692701615,1.0094339703841704,24.98,False,False,False
1276,1421,7.198159129409619,0.15,4.495918749467827,4922853.941357731,271.0635201582153,0.0872941357987517,3,strong,1,7.1991,263.1796609272937,1.82545,1.101130484363395,1.027545440013922,10.38,True,True,True
1277,536,16.467886550777678,0.1,3.520918749467826,19696.912106671007,31.382249844992785,0.1586041597913043,1,strong,0,,,,0.9886746051092608,1.0201294298313328,21.27,True,False,True
1278,380,37.54818844812336,0.15,37.19591874946783,30142.291010366134,50.11843557212434,0.2045032061809544,1,strong,0,,,,0.9781318664291856,1.196774660195742,13.67,True,False,True
1279,440,4.606094168080956,0.15,2.2959187494678264,18961.621775648768,13.374723335402978,0.0698320961690853,1,strong,0,,,,1.1690725780794338,1.1088340000609995,19.82,True,False,True
1280,1289,5.7265664272033705,0.15,3.995918749467826,752012.4721655309,93.78415383585843,0.0775013350930924,3,strong,1,5.7266,100.2427157895642,1.2804,1.0894163302746342,1.1678216151995,16.22,True,True,True
1281,185,7.352948385483817,0.1,0.7709187494678262,11325.354852198863,15.864253914731878,0.106148978486855,0,mild,0,,,,1.0531024525987964,1.198205732437104,34.3,False,False,False
1282,419,25.262741267221347,0.15,9.895918749467826,30897.452057859653,39.80558655409918,0.1606122069960768,1,strong,0,,,,0.9816461126558772,1.11233848249667,10.56,True,False,True
1283,284,18.58397759936565,0.05,9.445918749467827,11909.409973060912,37.43136459781054,0.2428543932457756,0,mild,0,,,,1.1690725780794338,1.1615038306498875,27.47,False,False,False
1284,1270,18.10600817614112,0.15,13.295918749467829,6261958.047240208,477.1871387141417,0.1354158787039558,3,strong,1,18.1087,432.2737472018115,2.40218,0.983988943473672,1.0550750966429898,20.83,True,True,True
1285,610,4.192783141095584,0.25,3.245918749467826,288712.81851322524,38.77773325534959,0.0526137687437169,1,strong,0,,,,1.0531024525987964,1.1860357814017444,8.47,True,False,True
1286,491,44.14430764702997,0.1,25.920918749467827,21024.920449788417,52.946413727829146,0.2584982508792982,1,strong,0,,,,1.0683308529142723,1.352319894565763,14.81,True,False,True
1287,162,41.99501642526504,0.05,12.595918749467828,12680.41933871608,53.08362237224518,0.3335650562207792,0,mild,0,,,,1.1433014390836949,1.1239471882193182,25.16,False,False,False
1288,29,38.499413933830134,0.05,12.495918749467828,8634.576959894097,46.4612122094713,0.3537718357117939,0,mild,0,,,,0.9371323271177828,0.8993061044334844,25.22,False,False,False
1289,1126,4.129666678903124,0.15,1.8459187494678264,1045806.5392519914,95.36230862630715,0.0671403461933026,3,strong,1,4.1301,107.37588168827034,1.48643,1.096444822727806,1.3099307779321727,21.27,True,True,True
1290,856,35.59388397589027,0.25,20.045918749467827,5562315.02466509,481.4178289466564,0.1448751392411729,2,mild,1,35.5959,584.4937770493996,2.49183,1.030845559829561,0.9412082390886132,27.76,True,True,True
1291,112,5.8230434568808676,0.1,3.0709187494678263,9015.10638172155,12.981011568463757,0.0974818258184922,0,mild,0,,,,0.995703097562644,1.033381748347994,25.08,False,False,False
1292,1174,31.85193312286762,0.25,25.095918749467828,23938.623619559647,31.58231547583212,0.1448751392411729,3,strong,1,31.8394,53.6412289691124,1.1066,1.194843717075173,1.3797441523785652,14.2,True,True,True
1293,1069,8.011954234191887,0.15,5.445918749467827,246895.5129985919,62.60172838510966,0.0899660442262476,2,mild,1,8.0125,76.78780433821416,1.03686,0.9816461126558772,1.0805161232087914,30.24,True,True,True
1294,1459,40.74401043081436,0.1,22.620918749467823,260944.88156449373,175.21243629125473,0.2428543932457756,3,strong,1,20.3455,55.68137534963831,0.98241,1.0812164224121417,1.2022507411353562,9.71,True,False,False
1295,274,7.528723035816167,0.05,7.345918749467827,11343.66739981342,22.96981578508247,0.1530070776973354,0,mild,0,,,,0.9441608195711662,1.0290308278114242,32.41,False,False,False
1296,304,24.135517402288123,0.1,13.320918749467827,9519.003420152028,28.164699270765684,0.2045032061809544,0,mild,0,,,,0.903161280259804,0.8816866133227489,28.69,False,False,False
1297,870,9.4654572914848,0.15,6.845918749467827,2366945.825569404,218.67118553947725,0.1012804292516761,2,mild,1,9.4653,224.7983547707345,2.28591,1.1854723938039953,1.3922583114999834,24.68,True,True,True
1298,1408,7.436330494763824,0.1,1.8709187494678263,165470361.90803877,1928.3244278536351,0.10673530386975,3,strong,1,7.4362,1595.7721771500562,3.77773,0.9066755264864548,0.8635802998749542,17.28,True,True,True
1299,324,28.735408311834277,0.05,16.195918749467825,10946.899754481554,44.613287369412014,0.3017675832604191,0,mild,0,,,,1.1655583318527425,1.0850887676887295,23.26,False,False,False
1300,768,42.840618067918925,0.25,16.145918749467825,130858.60319277142,85.26383992993989,0.1671315676162189,2,mild,1,42.8471,234.0827876908306,2.32485,1.1690725780794338,1.3876101017774092,20.49,True,True,True
1301,102,39.91174774934587,0.1,29.770918749467825,9822.291773125058,35.03978412662717,0.2503092147131164,0,mild,0,,,,0.9441608195711662,0.982109130127738,21.41,False,False,False
1302,926,9.93701928066832,0.15,0.7959187494678263,249087.74103449943,70.9371241061726,0.1012804292516761,2,mild,1,9.9377,82.89306398528304,1.2243,0.9722747893846996,1.2279650579266292,30.62,True,True,True
1303,744,9.628230914070524,0.1,6.970918749467827,16458.891556633745,21.68534169606857,0.1201737097952954,1,strong,0,,,,1.0472453755541222,0.966966908201129,14.61,True,False,True
1304,282,13.580680988223648,0.05,0.2959187494678262,9740.042135552658,26.860465421014776,0.1928522847134572,0,mild,0,,,,1.0905877456833195,1.0945513344652966,25.12,False,False,False
1305,3,4.079690803526422,0.05,1.8459187494678264,9857.216578841057,15.797144894128891,0.1132009427427743,0,mild,0,,,,1.0636451912786833,1.2075798817453265,24.4,False,False,False
1306,566,9.75975031557578,0.25,8.745918749467826,14135.132694838709,13.21014046281837,0.0795683193377147,1,strong,0,,,,1.021474236558383,1.1114710995229011,18.34,False,False,False
1307,1187,9.20075489598711,0.15,8.845918749467828,357046.9799727548,82.46753819912355,0.0983904074028945,3,strong,1,9.2005,85.80948317264041,1.0758,1.0894163302746342,1.0605255910857914,20.82,True,True,True
1308,1070,24.123354866378964,0.15,20.895918749467825,1058128.087997406,235.98930484211235,0.1626991726110283,2,mild,1,24.1232,269.8008416403663,1.98671,1.1690725780794338,1.104511097191802,20.04,True,True,True
1309,801,48.33403151483905,0.25,1.3459187494678264,79994.84840411831,66.66452013382559,0.1671315676162189,2,mild,1,48.3411,226.91687875507452,2.20935,1.0847306686388336,1.339332404626744,28.49,True,True,True
1310,306,48.70283784661341,0.05,10.345918749467828,7554.981054002973,43.459697001943574,0.3537718357117939,0,mild,0,,,,0.9301038346643994,0.8869498098403743,20.54,False,False,False
1311,1468,39.565381774698416,0.25,9.145918749467826,3982713.4060543007,435.4916983547665,0.1548058511525273,3,strong,1,39.5649,727.0757978349269,3.3888800000000003,0.9722747893846996,1.14768737017173,13.43,True,True,True
1312,864,48.091248169799826,0.25,18.645918749467825,8547540.80877772,689.1033146527659,0.1671315676162189,2,mild,1,48.0741,951.9796598661686,2.85032,0.9043326956686604,0.8436009136878277,29.57,True,True,True
1313,695,19.152780437974844,0.25,7.995918749467827,38674.75338688384,30.345139010926815,0.109823083284368,1,strong,0,,,,0.9254181730288104,0.8713066659492057,12.92,True,False,True
1314,1237,34.81724207301032,0.25,14.945918749467827,10547714.082024671,662.9389766419138,0.1448751392411729,3,strong,1,34.8162,746.0322228297763,2.58566,0.9254181730288104,0.8644699073962916,17.3,True,True,True
1315,811,34.57832251123833,0.25,5.1459187494678265,1185124.8832775038,222.2165688464656,0.1448751392411729,2,mild,1,34.5785,439.88369902702846,2.98936,1.108158976816778,1.3015670353386304,24.15,True,True,True
1316,961,4.513589366030196,0.1,1.0209187494678262,880445.171856869,110.58211955229804,0.0842749828079052,2,mild,1,4.5136,94.60513457341987,1.03147,0.9371323271177828,0.9684038406808596,32.24,True,True,True
1317,36,21.457898200337617,0.1,10.720918749467828,9778.121738622762,26.91292094834852,0.1928522847134572,0,mild,0,,,,0.9090183573042492,0.944158967843738,22.59,False,False,False
1318,1093,3.601222535761332,0.1,2.970918749467826,5788404.42055234,252.20792966576096,0.0751883372589413,2,mild,1,3.6016,225.53876773454348,1.6462599999999998,0.9886746051092608,1.001025360670931,33.3,True,True,True
1319,285,47.5656163123791,0.05,26.845918749467828,10052.140607156727,53.59141884176375,0.3781687860332273,0,mild,0,,,,0.983988943473672,1.0539658941847136,30.43,False,False,False
1320,1252,40.72667867389514,0.15,38.59591874946783,25212.631903162837,47.875436768159815,0.2135635553092116,3,strong,1,40.7106,66.92172605080535,1.03741,1.030845559829561,1.1580414888909232,12.81,True,True,True
1321,1362,3.757982847994549,0.1,2.0709187494678263,12590135.09234242,383.735640794155,0.0775013350930924,3,strong,1,3.758,322.9366072618004,2.0740499999999997,1.096444822727806,1.0539447350193618,17.13,True,True,True
1322,1032,15.62914620338018,0.15,8.345918749467828,25161420.470767654,923.5418276849452,0.1307856701777375,2,mild,1,15.6285,752.3676366409111,3.3225499999999997,1.1690725780794338,1.106149247364664,22.26,True,True,True
1323,182,17.519573909759504,0.05,16.045918749467827,12225.933391810797,36.85698093352916,0.2360303082374914,0,mild,0,,,,1.1936723016662756,1.4014060627445528,21.43,False,False,False
1324,137,11.299824470208904,0.05,2.645918749467826,10373.094068145378,26.746696951271005,0.1861122600665755,0,mild,0,,,,0.974617620202494,1.031569712376135,27.09,False,False,False
1325,1455,5.025053518603928,0.15,0.4959187494678262,7879024.539216698,284.27189114390154,0.072713919698109,3,strong,1,5.025,278.7302350638748,2.23938,1.0636451912786833,1.2248784970221072,15.65,True,True,True
1326,1141,4.420436851954635,0.1,0.9709187494678264,16311553.493470296,472.70068570578184,0.083708979127606,3,strong,1,4.4205,393.3683085631195,2.46279,1.1690725780794338,1.1339266261413372,9.41,True,True,True
1327,1176,6.7796801692264586,0.15,5.695918749467827,72234634.30918606,1015.8362797587448,0.0854434658091638,3,strong,1,6.7792,917.3267759705072,3.78455,1.0800450070032448,1.1410625924259497,17.58,True,True,True
1328,198,17.301126533123153,0.05,13.045918749467829,12985.414816346058,37.98452143285335,0.2360303082374914,0,mild,0,,,,1.1561870085815644,1.2868261754507344,30.95,False,False,False
1329,506,10.120846940703355,0.1,5.620918749467827,15515.435713040397,21.68328200658244,0.123723175277265,1,strong,0,,,,0.9324466654821938,0.8660193478529917,9.42,True,False,True
1330,109,10.012883673115178,0.05,9.695918749467827,9652.845340679269,25.367755571038423,0.1829982843991256,0,mild,0,,,,0.9863317742915458,1.025554091374301,31.88,False,False,False
1331,1490,10.076110760301487,0.15,2.245918749467826,494831.7238889296,101.00849447681505,0.1023031988500929,3,strong,1,10.0762,112.60330436809691,1.16798,1.0449025447363278,1.0051181017230697,13.12,True,True,True
1332,184,7.708139552810224,0.05,5.995918749467827,11357.907058931683,25.119610598242076,0.1671315676162189,0,mild,0,,,,0.9781318664291856,1.2367251845294047,25.89,False,False,False
1333,1203,7.933612840892263,0.15,2.2959187494678264,521778.2701103789,92.4864429684537,0.091400237831627,3,strong,1,7.9338,96.23936983565213,1.32902,1.1690725780794338,1.2371215927810373,10.42,True,True,True
1334,1172,4.360839518663562,0.1,2.020918749467826,25840472.760075476,590.9277264089557,0.0831545834070237,3,strong,1,4.3613,545.7291222813597,2.37193,0.9043326956686604,0.9271938854670052,18.05,True,True,True
1335,983,8.267953080558271,0.15,7.545918749467827,1763700.9108273678,174.3807225400082,0.0936900396693081,2,mild,1,8.2683,175.97858922289052,2.00288,1.1690725780794338,1.378739664768204,32.12,True,True,True
1336,564,4.8938009787928225,0.25,3.245918749467826,77466.5092869157,21.66781012650505,0.0565057931217613,1,strong,0,,,,1.0097600824694108,1.0840548951161253,19.73,True,False,True
1337,1220,3.2890875401556157,0.15,0.3959187494678262,35437673.15860838,490.158557249389,0.0595945634764133,3,strong,1,3.2894,469.8822027445924,3.29098,1.1936723016662756,1.3863982481318544,9.87,True,True,True
1338,818,19.05367811760322,0.25,16.995918749467826,6096336.699610086,380.9867107921746,0.109823083284368,2,mild,1,19.054,578.551809282739,3.26161,1.0941019919100112,1.238278002325182,26.58,True,True,True
1339,1268,4.39204720144064,0.1,4.320918749467826,3613236.847733694,224.0175107160429,0.0842749828079052,3,strong,1,4.3908,223.79383852870265,1.95349,1.1655583318527425,1.192461553215802,12.85,True,True,True
1340,1347,5.5113071296645595,0.15,0.4959187494678262,33324941.659603044,615.3799792478835,0.0764228213522802,3,strong,1,5.5118,596.6594387311694,3.2466500000000003,1.0812164224121417,1.2137506374915694,16.35,True,True,True
1341,1164,28.778595685624932,0.25,2.7959187494678264,24552209.0864845,904.65848227355,0.129701310350135,3,strong,1,28.776,1061.979339228402,3.53078,1.0027315900160276,0.9893953843090022,18.79,True,True,True
1342,504,4.335758869813056,0.15,1.5959187494678264,25517.840940260667,15.23090188347978,0.068594452796128,1,strong,0,,,,1.0472453755541222,0.962121661267732,8.56,True,False,True
1343,922,26.449168880633863,0.25,3.345918749467826,2846087.566213707,293.6751228212082,0.123723175277265,2,mild,1,26.4518,510.760852635916,3.22014,1.1468156853103866,1.3011375422937022,26.29,True,True,True
1344,1213,5.234398355646186,0.15,4.545918749467827,2161281.1414636276,152.85680072975663,0.0745939785807985,3,strong,1,5.234,149.43824611402715,1.68674,1.1093303922256754,1.2600115296006489,13.15,True,True,True
1345,1491,4.8201334043166275,0.15,4.045918749467827,3790031.7351475656,193.71387839963705,0.0714827353033349,3,strong,1,4.8195,195.67738512305797,1.89288,1.000388759198233,1.2356913892998649,8.96,True,True,True
1346,247,11.440248134541802,0.15,5.095918749467827,9063.687843598944,14.603535304124094,0.1091836894783622,0,mild,0,,,,0.9277610038466048,0.9123649365748904,24.01,False,False,False
1347,186,9.27473293031558,0.15,2.845918749467826,8780.982515336545,12.994808516167394,0.0988545535543052,0,mild,0,,,,0.974617620202494,0.8960711178787525,28.09,False,False,False
1348,438,3.735986470296672,0.15,3.645918749467826,26205.112135613486,14.308299639002552,0.0637723951287916,1,strong,0,,,,1.194843717075173,1.4530971238891328,8.83,True,False,True
1349,949,3.302019362219383,0.1,1.3709187494678263,3516007.8643747447,187.51020943870617,0.071827819602086,2,mild,1,3.3021,169.2777723330952,1.4712500000000002,1.096444822727806,1.0326276845101443,32.98,True,True,True
1350,573,14.237013038374776,0.1,3.020918749467826,20654.843454691803,29.967260000592677,0.1479680869077668,1,strong,0,,,,0.9722747893846996,1.2327287413606465,10.38,True,False,True
1351,950,22.417538073721285,0.15,11.695918749467827,5244435.858088738,467.4592610631405,0.1448751392411729,2,mild,1,22.4156,447.15904203248664,2.32716,0.9769604510202644,1.0049685961845718,33.85,True,True,True
1352,1039,9.346259294645456,0.15,8.945918749467827,1310704.965472048,160.31249908287563,0.0998033593156288,2,mild,1,9.3463,155.21977536017394,1.33034,0.9183896805754272,0.9750937663713868,24.51,True,True,True
1353,1291,22.36517080104772,0.25,1.9959187494678263,15670990.599334314,659.7767004267074,0.1185113657849943,3,strong,1,22.3618,810.0377424458384,3.32838,1.0285027290118087,1.0679170793854795,14.05,True,True,True
1354,747,10.304944935408743,0.1,1.9709187494678264,11240.495337832645,18.455922378559507,0.123723175277265,1,strong,0,,,,0.9968745129715414,1.037681193932027,19.03,False,False,False
1355,1321,28.700951627717117,0.15,15.695918749467827,2668156.1656645304,408.36229056321184,0.1772148042592244,3,strong,1,28.7018,413.3070423820295,2.09539,1.030845559829561,0.9412082390886132,14.77,True,True,True
1356,145,10.248686985555702,0.1,7.720918749467827,10978.13147208697,19.29093180489872,0.1307856701777375,0,mild,0,,,,1.194843717075173,1.3594757581869763,33.98,False,False,False
1357,842,29.066920741554163,0.15,3.395918749467826,40509.53553208069,47.43974864796672,0.1671315676162189,2,mild,1,29.0606,68.35061368044735,1.02927,1.0495882063719166,1.1368819241147927,20.64,True,True,True
1358,1196,4.950994522917267,0.15,4.845918749467827,38606902.19908665,630.8797833355512,0.072895286907127,3,strong,1,4.9516,575.8676495913296,3.38921,1.1093303922256754,1.2897169100404304,12.82,True,True,True
1359,1425,16.969935813792116,0.15,8.095918749467828,811064.4847575953,170.1957365545409,0.1342118068900777,3,strong,1,16.9692,197.7116570936322,1.92148,1.140958608265676,1.2478919590211066,14.89,True,True,True
1360,119,20.37994003568873,0.05,7.945918749467827,10777.682098655716,36.70436298768805,0.2503092147131164,0,mild,0,,,,1.0437311293274305,1.1312591594854218,28.41,False,False,False
1361,290,7.550096560564699,0.05,4.8959187494678265,11306.659610037726,22.932316600224183,0.1530070776973354,0,mild,0,,,,1.0941019919100112,1.3158205414866837,28.96,False,False,False
1362,401,4.30786153497095,0.25,2.7959187494678264,15394.296373250305,9.025037593393773,0.0530036162950868,1,strong,0,,,,0.9183896805754272,0.9455797177916142,19.43,True,False,True
1363,32,43.34489235659587,0.1,10.570918749467827,9456.902836447984,38.14325797155121,0.2776287235277611,0,mild,0,,,,0.9781318664291856,1.0408599357896138,21.53,False,False,False
1364,229,17.057614962680486,0.05,7.745918749467827,10994.761614729689,34.01974908588072,0.2297528101025764,0,mild,0,,,,0.9043326956686604,1.0195228582456808,27.3,False,False,False
1365,206,10.148740386567132,0.05,7.345918749467827,9890.06193564042,25.67756729863692,0.1829982843991256,0,mild,0,,,,1.0812164224121417,1.2123146201893693,31.45,False,False,False
1366,46,29.902117140464895,0.05,16.895918749467825,9426.6223521434,43.42032324187236,0.3164720516971595,0,mild,0,,,,0.983988943473672,0.8874770747686305,25.14,False,False,False
1367,454,8.184551417065904,0.15,7.445918749467827,25383.701869718196,20.399173026358557,0.091400237831627,1,strong,0,,,,1.1058161459989837,1.0766467773571469,18.88,True,False,True
1368,1209,16.450908851615168,0.15,2.595918749467826,6990836.624445686,482.7296215082754,0.129701310350135,3,strong,1,16.4507,469.66821374417583,2.45949,1.096444822727806,1.0363506701165113,10.26,True,True,True
1369,277,3.771751156708912,0.05,3.2959187494678264,10528.216386668168,15.832618820971923,0.109823083284368,0,mild,0,,,,1.1843009783950975,1.105023344921046,26.05,False,False,False
1370,906,24.90783792759881,0.25,10.395918749467826,8274449.577548404,500.7403481739269,0.123723175277265,2,mild,1,24.9038,828.9649051195375,3.81832,1.0683308529142723,1.2110484156276409,23.09,True,True,True
1371,1296,6.962597228175012,0.15,2.4459187494678263,4766281.381686173,260.01313064732665,0.0851466509644063,3,strong,1,6.9631,269.8653530203787,1.85119,1.096444822727806,1.0290457566398423,17.55,True,True,True
1372,739,4.085610001906682,0.15,2.4459187494678263,37338.8410505326,17.566600787504164,0.065517472447564,1,strong,0,,,,1.0027315900160276,1.193872423575968,9.74,True,False,True
1373,584,24.30708980418636,0.15,21.995918749467823,30489.2157210175,39.044343841981416,0.1586041597913043,1,strong,0,,,,1.0941019919100112,0.9978397758404838,19.81,True,False,True
1374,310,16.31911830304525,0.05,14.745918749467828,13668.746594692826,40.10097049536014,0.2428543932457756,0,mild,0,,,,1.1690725780794338,1.360936012239626,31.98,False,False,False
1375,1274,23.978354816879197,0.15,16.295918749467827,17481336.08619105,946.825630013691,0.1606122069960768,3,strong,1,23.9735,815.4539009384192,2.78333,0.903161280259804,0.8900660772710814,17.31,True,True,True
1376,719,6.635429953329254,0.25,2.895918749467826,49920.38851884667,20.14588834542661,0.0650034714586363,1,strong,0,,,,1.065988022096431,1.095598835602523,19.67,True,False,True
1377,338,24.78532439563103,0.05,6.545918749467827,8914.749607940908,37.03376755993397,0.2776287235277611,0,mild,0,,,,0.983988943473672,0.9360744408318008,28.23,False,False,False
1378,175,42.840618067918925,0.05,21.095918749467828,8980.467214194881,50.654198004550935,0.3781687860332273,0,mild,0,,,,1.0542738680075054,1.0582395855626654,34.39,False,False,False
1379,591,38.01030535963171,0.15,9.345918749467828,66076.22800445059,72.70555852447636,0.2003869223968956,1,strong,0,,,,0.9675891277491108,1.0812866974744273,10.14,True,False,True
1380,365,33.524928477768505,0.1,3.0709187494678263,12455.957616787924,37.20208718276724,0.2360303082374914,0,mild,0,,,,1.129244454176928,1.282411408714483,29.34,False,False,False
1381,1461,24.135517402288123,0.15,5.6459187494678265,17807910.356854267,932.0292667040508,0.1566701870842482,3,strong,1,24.137,855.1557661163325,3.36314,1.096444822727806,1.050218315818066,19.0,True,True,True
1382,14,5.183949955934957,0.05,1.5459187494678264,9072.081499553286,17.106951520015794,0.1276120842139765,0,mild,0,,,,1.1761010705328172,1.100914579295636,31.68,False,False,False
1383,1348,30.78672979296945,0.25,8.845918749467828,94320.54092851892,59.10459684087967,0.1366533436151313,3,strong,1,30.7921,123.78715166003356,1.45728,1.0683308529142723,1.1960861886276208,18.88,True,True,True
1384,840,17.849464498214992,0.15,8.795918749467827,1171141.4619548854,208.26811974479625,0.1366533436151313,2,mild,1,17.8518,201.24003250249416,1.70555,1.0238170673761682,1.0979043916083564,30.81,True,True,True
1385,1197,36.85441202968107,0.25,16.295918749467827,8456606.128493447,634.5829574833062,0.1548058511525273,3,strong,1,36.8527,1021.2230573852734,3.49316,0.9019898648510196,0.998195088037472,16.76,True,True,True
1386,759,3.8719678254561978,0.15,1.0959187494678264,450018.1463898114,59.64441048988795,0.0641339235096972,2,mild,1,3.8722,70.64331827451483,1.2628,1.194843717075173,1.3720068628213131,29.43,True,True,True
1387,205,49.432061605387176,0.1,25.320918749467825,13347.524904917474,47.16553279835724,0.2889427981985323,0,mild,0,,,,1.140958608265676,1.3879571013707095,26.83,False,False,False
1388,245,41.41372772787513,0.05,1.4959187494678263,10574.241099360588,51.41556451931796,0.3537718357117939,0,mild,0,,,,1.108158976816778,1.2527473992345148,30.82,False,False,False
1389,386,18.758754377188595,0.1,14.170918749467829,9095.526946741757,23.1307370584502,0.171950282562443,1,strong,0,,,,0.9582178044779328,0.869757306697665,12.79,False,False,False
1390,632,35.63362659465795,0.1,23.670918749467827,30552.14130796157,59.953061353383255,0.2428543932457756,1,strong,0,,,,0.9582178044779328,1.1508414628111137,20.5,True,False,True
1391,455,13.149804645834736,0.15,5.545918749467827,22154.960775495525,24.14591649877203,0.1153865119569403,1,strong,0,,,,1.190158055439584,1.3449645176255065,12.38,True,False,True
1392,931,8.673941454726299,0.15,3.6959187494678263,40066941.11634602,842.1100879869032,0.0949031999561809,2,mild,1,8.6744,730.4681866923737,3.16228,1.0074172516516164,1.0684566935074489,21.31,True,True,True
1393,355,25.302800269905532,0.05,24.595918749467828,13766.884066544157,50.03068888473109,0.3017675832604191,0,mild,0,,,,1.0812164224121417,1.1460377726436846,22.94,False,False,False
1394,1367,18.784517701867244,0.15,15.745918749467828,411976.1755659858,128.3707405238414,0.1419701412105178,3,strong,1,18.7846,128.80547383464364,1.24014,1.0941019919100112,0.9978397758404838,8.23,True,True,True
1395,736,5.616710395254845,0.1,3.9209187494678264,26509.91049424256,21.56585609294934,0.0944934618692138,1,strong,0,,,,1.1690725780794338,1.2371215927810373,18.94,True,False,True
1396,1370,4.469342269667251,0.15,4.345918749467827,110754641.30792154,1017.3937810314692,0.0695161034736569,3,strong,1,4.4696,992.923874597247,3.5745600000000004,0.9371323271177828,1.03590963028313,12.21,True,True,True
1397,681,5.682382133995038,0.25,5.495918749467827,74974.66330433937,23.059384222914417,0.0608887646391853,1,strong,0,,,,1.0683308529142723,1.1849950501730206,15.5,True,False,True
1398,1456,25.85630311492648,0.25,1.9459187494678265,16287351.399837175,702.5354816842839,0.123723175277265,3,strong,1,25.8547,768.4605273111292,2.9278700000000004,0.9558749736601384,0.9644911865557798,11.34,True,True,True
1399,1083,26.318298260594933,0.25,13.295918749467829,5293177.253808842,420.0467138231509,0.129701310350135,2,mild,1,26.3156,693.8888205288031,3.3825,1.0027315900160276,1.1726006104842637,30.22,True,True,True
1400,1256,6.240552182463187,0.15,4.595918749467827,349390.57570614904,67.1436184084725,0.0813001578720744,3,strong,1,6.24,82.43932318467334,1.07888,0.9219039268021187,1.0850835746670564,10.96,True,True,True
1401,1110,45.143410347214555,0.25,18.695918749467825,65977.76589925992,60.54280666477045,0.1671315676162189,2,mild,1,45.1416,150.15473476016095,1.78717,1.1655583318527425,1.331844758811601,32.08,True,True,True
1402,280,8.087756884707877,0.1,8.070918749467827,15107.727458065878,6.911105678211491,0.1139153809089968,0,mild,0,,,,1.1058161459989837,1.182881267708626,21.98,True,False,True
1403,715,49.10248575980446,0.15,13.595918749467828,25971.44309227906,49.73400014771829,0.2185723457965899,1,strong,0,,,,1.0905877456833195,0.990031825024515,13.78,True,False,True
1404,193,43.8210289520582,0.1,1.3209187494678265,8904.072837395397,32.36569141653005,0.2428543932457756,0,mild,0,,,,0.9769604510202644,0.8775469033346743,20.49,False,False,False
1405,1443,23.553628164797143,0.15,4.3959187494678265,681980.9111870086,180.20899390733985,0.1548058511525273,3,strong,1,23.5559,219.59133096090787,1.73789,0.974617620202494,1.0709567801521185,12.12,True,True,True
1406,123,47.51840079411175,0.05,23.645918749467825,8498.406459041844,49.27591836947142,0.3781687860332273,0,mild,0,,,,0.9675891277491108,0.996345368783078,34.58,False,False,False
1407,1402,8.066632606415876,0.15,6.745918749467827,7338281.205648129,351.18721109656565,0.0925233447876994,3,strong,1,8.0662,313.84470497666865,2.29889,1.0730165145498611,1.184999164464875,14.17,True,True,True
1408,1482,43.09127994943787,0.25,2.095918749467826,893330.5119386254,206.2511774210115,0.1548058511525273,3,strong,1,43.0956,348.77574063076094,1.84118,0.9019898648510196,0.9002857370338654,8.58,True,True,True
1409,131,34.47870294457938,0.05,3.995918749467826,10584.027690402056,48.49748605260564,0.3335650562207792,0,mild,0,,,,1.112844638452367,1.1535132192104316,26.22,False,False,False
1410,1212,15.03046275327174,0.15,13.195918749467827,775963.4590894398,154.51795604787665,0.1246615419043813,3,strong,1,15.0305,172.47297763225572,1.38666,1.0449025447363278,0.9641990810964728,17.92,True,True,True
1411,1447,7.824043565726766,0.15,3.5459187494678264,252675.3012725538,63.58305450637664,0.0903180846357682,3,strong,1,7.8226,80.74565642293736,1.10077,0.9183896805754272,1.118650075095233,15.54,True,True,True
1412,994,8.306689507747631,0.15,4.095918749467827,2160694.1552373846,191.3685837187806,0.092907263154642,2,mild,1,8.3072,180.16097699122895,1.63163,1.0425597139185332,1.1100654190755448,30.7,True,True,True
1413,1392,5.004565427976899,0.1,1.3209187494678265,362169.84637978306,74.35933453005354,0.0882671677645539,3,strong,1,5.0047,86.38087719692919,1.1374,1.0343598060562529,1.1175363926065134,17.9,True,True,True
1414,677,31.61005935864564,0.1,0.0709187494678261,29297.241711371116,44.09226252831898,0.2185723457965899,1,strong,0,,,,1.0683308529142723,1.245088893539364,18.96,True,False,True
1415,979,7.330429300539701,0.15,1.9459187494678265,1353707.735131141,143.7612383993832,0.0882671677645539,2,mild,1,7.3312,144.2686207043594,1.48819,1.0542738680075054,1.1314352315176643,26.78,True,True,True
1416,100,45.46497059833896,0.1,43.92091874946783,8082.266709256594,36.702104184130455,0.2889427981985323,0,mild,0,,,,0.903161280259804,0.9013977029480308,28.76,False,False,False
1417,1108,22.496550413950327,0.25,13.095918749467828,14024098.86379703,624.1460580442206,0.1185113657849943,2,mild,1,22.4956,663.4032977968851,2.9024599999999996,1.096444822727806,1.0290457566398423,33.99,True,True,True
1418,364,10.154122146878631,0.05,5.545918749467827,10680.697786407542,26.250281456441986,0.1800364610754255,0,mild,0,,,,0.9582178044779328,0.9267407157840634,28.64,False,False,False
1419,848,10.711939211289332,0.15,4.6459187494678265,3460841.346710625,278.87580686825197,0.10673530386975,2,mild,1,10.7135,249.06707416675755,1.67244,0.903161280259804,0.967719834490438,21.35,True,True,True
1420,1255,8.906326077404492,0.15,2.095918749467826,4322174.400065753,281.6131252175304,0.096598515294913,3,strong,1,8.9067,279.2197120419274,1.54352,0.9066755264864548,0.8435221276284373,20.49,True,True,True
1421,1234,9.478576649485296,0.15,7.645918749467827,7777189.327105033,392.43311411192707,0.1002883566628851,3,strong,1,9.4779,349.26129560396714,2.28162,1.0343598060562529,1.114872853198094,18.79,True,True,True
1422,846,26.857240058013577,0.15,21.795918749467827,7920818.120003726,663.3592172505918,0.1671315676162189,2,mild,1,26.8497,565.274862951267,2.3162700000000003,1.000388759198233,0.8896447117072934,31.33,True,True,True
1423,927,31.947590006460725,0.25,5.495918749467827,118491.95611352252,66.24644116605434,0.1366533436151313,2,mild,1,31.9522,124.1820262654262,1.70379,1.1878152246217897,1.3961881572032784,24.28,True,True,True
1424,1202,48.018888058905134,0.25,33.34591874946783,79832.07324345456,72.95298634209783,0.1829982843991256,3,strong,1,48.0154,355.2495046037442,2.82777,1.194843717075173,1.3700442620584616,16.31,True,True,True
1425,568,3.6513523842908713,0.15,2.345918749467826,21360.910378319662,12.67313492034115,0.062612502229269,1,strong,0,,,,0.9219039268021187,1.1342320275843971,21.83,True,False,True
1426,1133,42.744984421308615,0.25,29.995918749467823,1838323.2975025715,319.5763947532363,0.1671315676162189,3,strong,1,42.746,485.55076512479275,2.71645,1.1198731309057504,1.1257492082055678,13.2,True,True,True
1427,448,4.395273263247551,0.25,1.0459187494678264,64587.084136624944,18.63444090471504,0.0534031062286086,1,strong,0,,,,1.1198731309057504,1.1865599676090524,9.02,True,False,True
1428,1450,38.29920335001532,0.25,7.095918749467827,2021986.0314492276,310.29832277443893,0.1548058511525273,3,strong,1,38.3018,554.6896587958566,3.05338,1.1198731309057504,1.1838947041502157,14.63,True,True,True
1429,278,41.50349102111215,0.05,37.145918749467825,11361.08700872517,56.97389630028618,0.3781687860332273,0,mild,0,,,,1.021474236558383,1.1503301520602482,21.03,False,False,False
1430,1432,28.218771752694984,0.15,4.8959187494678265,10796220.999827849,763.9237615784758,0.1648703558212973,3,strong,1,28.2196,670.739317505681,2.66508,0.9675891277491108,0.939703022542381,18.94,True,True,True
1431,658,9.151505167722176,0.05,2.495918749467826,17285.622697638846,30.988907242609375,0.1671315676162189,1,strong,0,,,,1.0074172516516164,1.1375593697107511,21.94,True,False,True
1432,624,3.870246104252424,0.1,0.8709187494678263,19801.246671290657,15.353472800613366,0.0781716658562967,1,strong,0,,,,1.1690725780794338,1.331344276117417,17.75,True,False,True
1433,914,4.601224170934019,0.15,3.645918749467826,41213506.87170814,631.0294240573616,0.0706422765292541,2,mild,1,4.6009,577.6496003637103,3.17955,1.0636451912786833,1.2080660404421373,23.65,True,True,True
1434,1430,13.843818067707756,0.15,5.595918749467827,62708.61306399964,42.32817807290337,0.1201737097952954,3,strong,1,13.8444,55.78907171768336,1.05567,1.0847306686388336,1.2906570805795,14.26,True,True,True
1435,862,35.50149505723821,0.25,35.145918749467825,14927.523025957244,26.66147838750672,0.1548058511525273,2,mild,1,35.5183,45.62877035993273,1.02674,1.1936723016662756,1.3880284091234625,33.74,True,True,True
1436,275,37.14034566433913,0.15,4.295918749467827,11338.309693706264,28.45837774428054,0.1893918594207356,0,mild,0,,,,1.1093303922256754,1.298036321196064,20.91,False,False,False
1437,827,16.499103518826104,0.15,7.1459187494678265,115284981.30265592,2066.3528552308267,0.1366533436151313,2,mild,1,16.4958,1735.384892083881,3.88146,0.9043326956686604,0.8508528634089901,32.2,True,True,True
1438,77,38.95366955799096,0.1,17.420918749467827,9676.848195589331,33.74096514465559,0.2428543932457756,0,mild,0,,,,1.0894163302746342,1.134398495833561,34.8,False,False,False
1439,880,6.231210543005788,0.15,2.045918749467826,86763307.13510755,1051.3158702530634,0.0807934374016452,2,mild,1,6.2322,957.561316817577,3.86969,1.0800450070032448,1.141958008261179,30.74,True,True,True
1440,340,23.501592938841593,0.05,15.245918749467828,9282.178858801572,33.04574166533337,0.2428543932457756,0,mild,0,,,,1.173758239715023,1.180623315026127,21.45,False,False,False
1441,146,12.992767118541297,0.1,7.170918749467827,11527.78654657388,21.473506044960494,0.1419701412105178,0,mild,0,,,,1.1878152246217897,1.3214947945592548,29.72,False,False,False
1442,1294,41.976604259368095,0.15,19.995918749467823,114657.87219439972,102.09526397812787,0.2135635553092116,3,strong,1,41.9847,119.1422143101747,1.1514799999999998,1.0472453755541222,0.96334272354702,10.74,True,True,True
1443,494,44.91047546808256,0.25,36.09591874946783,33201.61798891428,42.94804224545586,0.1671315676162189,1,strong,0,,,,1.108158976816778,1.194346671004295,10.02,True,False,True
1444,475,37.32859382647432,0.05,35.84591874946783,12478.386183430968,52.65904202916252,0.3335650562207792,1,strong,0,,,,1.1690725780794338,1.3215774098787534,16.6,False,False,False
1445,52,10.513152392055533,0.1,3.720918749467826,9401.095977549972,17.414395211035274,0.1276120842139765,0,mild,0,,,,0.9277610038466048,1.0510879303735254,26.37,False,False,False
1446,1109,3.1219884815598804,0.1,1.9209187494678264,144161210.23197794,1185.9387975487991,0.0709747231786683,2,mild,1,3.1219,1009.9731540398516,3.74484,0.9968745129715414,1.076057819860632,27.0,True,True,True
1447,363,29.633715072209892,0.1,17.920918749467827,10774.880961767538,31.297517998843905,0.2135635553092116,0,mild,0,,,,1.1093303922256754,1.2241605128199564,25.38,False,False,False
1448,1067,29.698059662090813,0.15,0.8959187494678262,306073.03389484924,128.6253797609185,0.1648703558212973,2,mild,1,29.695,156.14577273833993,1.26302,0.9090183573042492,0.9230014174674646,34.82,True,True,True
1449,1208,17.886144930301334,0.25,13.295918749467829,4902224.637586938,330.0580634974848,0.106148978486855,3,strong,1,17.8885,437.1422311640647,2.68004,1.0472453755541222,1.1705424001897828,11.1,True,True,True
1450,1248,33.02763404161621,0.15,30.595918749467828,72309.3098903087,69.43068960736247,0.1829982843991256,3,strong,1,33.0214,94.83275117344164,1.02674,0.9441608195711662,0.9628055003171648,8.66,True,True,True
1451,266,45.813056138136055,0.05,43.69591874946783,12512.097228725914,70.74488597411384,0.447386231520864,0,mild,0,,,,1.1761010705328172,1.1594944502461504,27.1,False,False,False
1452,630,47.05135041877097,0.1,43.020918749467825,30620.964162979628,71.43874318017686,0.2889427981985323,1,strong,0,,,,0.9277610038466048,0.8651155962549014,17.57,True,False,True
1453,518,3.209050966420085,0.15,1.7459187494678263,24841.638128315768,12.639355199556327,0.058116563132342,1,strong,0,,,,0.9324466654821938,0.9162963278773808,17.68,True,False,True
1454,353,25.78666269347805,0.05,13.295918749467829,8943.710898204588,38.60852863078438,0.2889427981985323,0,mild,0,,,,1.096444822727806,1.033060147194224,30.05,False,False,False
1455,1198,8.591435008400794,0.15,0.7959187494678263,35348549.033870734,780.677745272202,0.0936900396693081,3,strong,1,8.5923,649.4242321502162,3.723500000000001,1.0472453755541222,1.3342719907229643,16.35,True,True,True
1456,603,3.394266214384474,0.25,2.9459187494678263,85629.77030718968,19.008078485466584,0.0477095882171537,1,strong,0,,,,1.1093303922256754,1.242519650628925,12.1,True,False,True
