file_id,label,activity_class,teff,logg,rotation_period_days,inclination_deg,sigma_ppm,tau_days,spot_enable,spot_radius_deg,spot_contrast,spot_lifetime_days,spot_latitude_deg,spot_longitude_deg,spot_domega,flare_enable,flare_mean_period_days,flare_amplitude_ppm,planet_present,planet_period_days,planet_radius_rjup,planet_radius_earth,planet_sma_au,transit_depth_ppm,seed,n_points,duration_days,snr_proxy
0000000001,1,strong,5865.5,4.222,15.76,58.22,165.83,2.347,1,6.51,0.541,181.8,-21.38,168.02,0.117,1,0.326,1061.4,0,,,,,,1662057958,899517,266.9994212962963,26.999579482907624
0000000003,3,strong,5997.8,4.447,15.15,77.59,125.58,1.836,1,4.69,0.284,143.6,4.57,275.4,0.071,1,1.0,2206.3,1,5.2648,0.08991,0.9890100000000001,0.05923,81.56726070014025,1008363426,899517,266.9994212962963,0.057259085528368704
0000000000,0,mild,5726.7,4.501,25.46,74.14,28.49,0.978,1,4.16,0.741,30.2,-6.46,333.64,0.113,1,234.98,625.7,0,,,,,,191664964,899517,266.9994212962963,27.737545982059572
0000000002,2,mild,5427.4,4.245,22.14,78.37,34.24,0.703,1,3.03,0.75,76.0,16.61,289.72,0.078,1,136.44,298.3,1,45.6322,0.13982,1.53802,0.24991,197.259749716561,163945743,899565,266.9994212962963,0.07037030125915143
