file_id,label,activity_class,rotation_period_days,spot_amplitude,spot_contrast,flare_rate,planet_present,planet_period_days,planet_radius_rjup,planet_radius_earth,transit_depth_ppm,seed,n_points,duration_days
0000000002,2,mild,15.0,2.5,0.85,5,1,10.0,0.364,4.004,1336.91147044,748793219,899565,266.9994212962963
0000000003,3,strong,8.0,4.5,0.65,1,1,5.0,0.073,0.8029999999999999,53.770689122499995,1047566523,899517,266.9994212962963
0000000000,0,quiet,15.0,0.0,1.0,0,0,,,,,831028979,899517,266.9994212962963
0000000001,1,strong,8.0,4.5,0.65,1,0,,,,,471242136,899517,266.9994212962963
